Workbook
Name diff: '[1]Regular Season Data'!$J:$J
Name gameid: '[1]Regular Season Data'!$A:$A
Name managers: '[1]Regular Season Data'!$D:$D
Name opponent: '[1]Regular Season Data'!$E:$E
Name outcome: '[1]Regular Season Data'!$K:$K
Name owners: [1]References!$A$2:$A$16
Name Owners: '[2]Main Page'!$B$6:$B$17
Name points: '[1]Regular Season Data'!$I:$I
Name Season: '[1]Regular Season Data'!$F:$F
Name teamnames: 'Summary Page'!$B$5:$B$14
Name teams: '[3]Summary Page'!$B$5:$B$16
Name teams: 'Summary Page (2)'!$B$5:$B$14
Name teams: 'Summary Page'!$B$5:$B$14
Name years: [1]References!$A$18:$A$30

Sheet Summary Page
B1: The League that Johnny Built - Historical Stats
B3: Historical Regular Season Table | M3: Highest Regular Season Weeks | T3: Best Regular Seasons All Time (Pts/G) | AE3: You vs Them | AM3: Them vs You | AZ3: You vs Them | BH3: Them vs You
B4: Team | C4: Wins | D4: Losses | E4: Pct | F4: Pts For | G4: Pts Agst | H4: Pts Per Game | I4: Avg Finish | J4: Avg Pts in W | K4: Avg Pts in L | M4: Rank | N4: Owner | O4: Opponent | P4: Season | Q4: Week | R4: Pts Scored | T4: Rank | U4: Owner | V4: Season | W4: Final Finish | X4: Wins | Y4: Losses | Z4: Pts | AB4: Matchup ID | AC4: Select Owner | AD4: Opponent | AE4: Pts/Wins | AF4: W Margin | AG4: Wins | AH4: Pts/Loss | AI4: L Margin | AJ4: Losses | AK4: Overall | AL4: Overall Margin | AM4: Pts/Wins | AN4: W Margin | AO4: Wins | AP4: Pts/Loss | AQ4: L Margin | AR4: Losses | AS4: Overall | AT4: Overall Margin | AU4: Total | AW4: Matchup ID | AX4: Select Owner | AY4: Opponent | AZ4: Pts/ Wins | BA4: W Margin | BB4: Wins | BC4: Pts/ Loss | BD4: L Margin | BE4: Losses | BF4: Overall | BG4: Overall Margin | BH4: Pts/ Wins | BI4: W Margin | BJ4: Wins | BK4: Pts/ Loss | BL4: L Margin | BM4: Losses | BN4: Overall | BO4: Overall Margin | BP4: Total
B5: Brian/Travis | C5: =COUNTIF('Regular Season'!R:R,'Summary Page'!B5) -> 86 | D5: =COUNTIF('Regular Season'!S:S,'Summary Page'!B5) -> 88 | E5: =IFERROR(C5/SUM(C5:D5),"") -> 0.49425287 | F5: =SUMIF('Regular Season'!R:R,'Summary Page'!B5,'Regular Season'!T:T)+SUMIF('Regular Season'!S:S,'Summary Page'!B5,'Regular Season'!U:U) -> 18422.78 | G5: =SUMIF('Regular Season'!R:R,'Summary Page'!B5,'Regular Season'!U:U)+SUMIF('Regular Season'!S:S,'Summary Page'!B5,'Regular Season'!T:T) -> 18199.36 | H5: =F5/SUM(C5:D5) -> 105.87805 | I5: =AVERAGEIF(Tables!C:C,'Summary Page'!B5,Tables!D:D) -> 6.1538462 | J5: =AVERAGEIF('Regular Season'!R:R,'Summary Page'!B5,'Regular Season'!T:T) -> 117.93698 | K5: =AVERAGEIF('Regular Season'!S:S,'Summary Page'!B5,'Regular Season'!U:U) -> 94.093182 | M5: 1 | N5: =VLOOKUP(M5,'Regular Season'!F:U,13,FALSE) -> Dave/Nolan | O5: =VLOOKUP(M5,'Regular Season'!F:U,14,FALSE) -> Walker/Cory | P5: =VLOOKUP(M5,'Regular Season'!F:U,3,FALSE) -> 2023 | Q5: =VLOOKUP(M5,'Regular Season'!F:U,4,FALSE) -> 13 | R5: =VLOOKUP(M5,'Regular Season'!F:U,15,FALSE) -> 190.28 | T5: 1 | U5: =VLOOKUP(T5,Tables!A:K,3,FALSE) -> Graham/Michael | V5: =VLOOKUP(T5,Tables!A:K,2,FALSE) -> 2025 | W5: =VLOOKUP(T5,Tables!A:K,5,FALSE) -> 3 | X5: =VLOOKUP(T5,Tables!A:K,6,FALSE) -> 13 | Y5: =VLOOKUP(T5,Tables!A:K,7,FALSE) -> 1 | Z5: =VLOOKUP(T5,Tables!A:K,11,FALSE) -> 138.41857 | AB5: 1 | AC5: Brian/Travis | AD5: Clay/Ryan | AE5: =AVERAGEIFS('Regular Season'!T:T,'Regular Season'!R:R,'Summary Page'!AC5,'Regular Season'!S:S,'Summary Page'!AD5) -> 104.04545 | AF5: =AE5-VLOOKUP(AC5,'Summary Page (2)'!$B$5:$K$14,9,FALSE) -> -13.891522 | AG5: =COUNTIFS('Regular Season'!R:R,'Summary Page'!AC5,'Regular Season'!S:S,'Summary Page'!AD5) -> 11 | AH5: =AVERAGEIFS('Regular Season'!U:U,'Regular Season'!S:S,'Summary Page'!AC5,'Regular Season'!R:R,'Summary Page'!AD5) -> 91.068889 | AI5: =AH5-VLOOKUP(AC5,'Summary Page (2)'!$B$5:$K$14,10,FALSE) -> -3.0242929 | AJ5: =COUNTIFS('Regular Season'!R:R,'Summary Page'!AD5,'Regular Season'!S:S,'Summary Page'!AC5) -> 9 | AK5: =IFERROR(((AG5*AE5)+(AH5*AJ5))/SUM(AG5,AJ5),"") -> 98.206 | AL5: =IFERROR(AK5-VLOOKUP(AC5,$B$5:$H$14,7,FALSE),"") -> -7.672046 | AM5: =AVERAGEIFS('Regular Season'!T:T,'Regular Season'!R:R,'Summary Page'!AD5,'Regular Season'!S:S,'Summary Page'!AC5) -> 122.76222 | AN5: =AM5-VLOOKUP(AD5,'Summary Page (2)'!$B$5:$K$14,9,FALSE) -> 3.2886738 | AO5: =COUNTIFS('Regular Season'!R:R,'Summary Page'!AD5,'Regular Season'!S:S,'Summary Page'!AC5) -> 9 | AP5: =AVERAGEIFS('Regular Season'!U:U,'Regular Season'!S:S,'Summary Page'!AD5,'Regular Season'!R:R,'Summary Page'!AC5) -> 82.661818 | AQ5: =AP5-VLOOKUP(AD5,'Summary Page (2)'!$B$5:$K$14,10,FALSE) -> -10.411515 | AR5: =COUNTIFS('Regular Season'!R:R,'Summary Page'!AC5,'Regular Season'!S:S,'Summary Page'!AD5) -> 11 | AS5: =IFERROR(((AO5*AM5)+(AP5*AR5))/SUM(AO5,AR5),"") -> 100.707 | AT5: =IFERROR(AS5-VLOOKUP(AD5,$B$5:$H$14,7,FALSE),"") -> -6.4767931 | AU5: =AL5-AT5 -> -1.1952529 | AW5: 88 | AX5: Walker/Cory | AY5: Graham/Michael | AZ5: 123.915 | BA5: 6.3284146 | BB5: 12 | BC5: 108.6 | BD5: 15.876471 | BE5: 5 | BF5: 119.41059 | BG5: 13.095255 | BH5: 128.028 | BI5: 5.6010556 | BJ5: 5 | BK5: 94.001667 | BL5: -4.3952564 | BM5: 12 | BN5: 104.00941 | BO5: -5.9219216 | BP5: 19.017176
B6: Clay/Ryan | C6: =COUNTIF('Regular Season'!R:R,'Summary Page'!B6) -> 93 | D6: =COUNTIF('Regular Season'!S:S,'Summary Page'!B6) -> 81 | E6: =IFERROR(C6/SUM(C6:D6),"") -> 0.53448276 | F6: =SUMIF('Regular Season'!R:R,'Summary Page'!B6,'Regular Season'!T:T)+SUMIF('Regular Season'!S:S,'Summary Page'!B6,'Regular Season'!U:U) -> 18649.98 | G6: =SUMIF('Regular Season'!R:R,'Summary Page'!B6,'Regular Season'!U:U)+SUMIF('Regular Season'!S:S,'Summary Page'!B6,'Regular Season'!T:T) -> 18283.58 | H6: =F6/SUM(C6:D6) -> 107.18379 | I6: =AVERAGEIF(Tables!C:C,'Summary Page'!B6,Tables!D:D) -> 4.6153846 | J6: =AVERAGEIF('Regular Season'!R:R,'Summary Page'!B6,'Regular Season'!T:T) -> 119.47355 | K6: =AVERAGEIF('Regular Season'!S:S,'Summary Page'!B6,'Regular Season'!U:U) -> 93.073333 | M6: 2 | N6: =VLOOKUP(M6,'Regular Season'!F:U,13,FALSE) -> Pat/Tucker | O6: =VLOOKUP(M6,'Regular Season'!F:U,14,FALSE) -> Dave/Nolan | P6: =VLOOKUP(M6,'Regular Season'!F:U,3,FALSE) -> 2022 | Q6: =VLOOKUP(M6,'Regular Season'!F:U,4,FALSE) -> 2 | R6: =VLOOKUP(M6,'Regular Season'!F:U,15,FALSE) -> 186.92 | T6: 2 | U6: =VLOOKUP(T6,Tables!A:K,3,FALSE) -> Eric/Blake | V6: =VLOOKUP(T6,Tables!A:K,2,FALSE) -> 2018 | W6: =VLOOKUP(T6,Tables!A:K,5,FALSE) -> 3 | X6: =VLOOKUP(T6,Tables!A:K,6,FALSE) -> 9 | Y6: =VLOOKUP(T6,Tables!A:K,7,FALSE) -> 4 | Z6: =VLOOKUP(T6,Tables!A:K,11,FALSE) -> 131.06923 | AB6: 2 | AC6: Brian/Travis | AD6: Dave/Nolan | AE6: =AVERAGEIFS('Regular Season'!T:T,'Regular Season'!R:R,'Summary Page'!AC6,'Regular Season'!S:S,'Summary Page'!AD6) -> 124.26333 | AF6: =AE6-VLOOKUP(AC6,'Summary Page (2)'!$B$5:$K$14,9,FALSE) -> 6.3263566 | AG6: =COUNTIFS('Regular Season'!R:R,'Summary Page'!AC6,'Regular Season'!S:S,'Summary Page'!AD6) -> 6 | AH6: =AVERAGEIFS('Regular Season'!U:U,'Regular Season'!S:S,'Summary Page'!AC6,'Regular Season'!R:R,'Summary Page'!AD6) -> 100.6925 | AI6: =AH6-VLOOKUP(AC6,'Summary Page (2)'!$B$5:$K$14,10,FALSE) -> 6.5993182 | AJ6: =COUNTIFS('Regular Season'!R:R,'Summary Page'!AD6,'Regular Season'!S:S,'Summary Page'!AC6) -> 8 | AK6: =IFERROR(((AG6*AE6)+(AH6*AJ6))/SUM(AG6,AJ6),"") -> 110.79429 | AL6: =IFERROR(AK6-VLOOKUP(AC6,$B$5:$H$14,7,FALSE),"") -> 4.9162397 | AM6: =AVERAGEIFS('Regular Season'!T:T,'Regular Season'!R:R,'Summary Page'!AD6,'Regular Season'!S:S,'Summary Page'!AC6) -> 117.6325 | AN6: =AM6-VLOOKUP(AD6,'Summary Page (2)'!$B$5:$K$14,9,FALSE) -> -4.0672531 | AO6: =COUNTIFS('Regular Season'!R:R,'Summary Page'!AD6,'Regular Season'!S:S,'Summary Page'!AC6) -> 8 | AP6: =AVERAGEIFS('Regular Season'!U:U,'Regular Season'!S:S,'Summary Page'!AD6,'Regular Season'!R:R,'Summary Page'!AC6) -> 96.153333 | AQ6: =AP6-VLOOKUP(AD6,'Summary Page (2)'!$B$5:$K$14,10,FALSE) -> 1.2772464 | AR6: =COUNTIFS('Regular Season'!R:R,'Summary Page'!AC6,'Regular Season'!S:S,'Summary Page'!AD6) -> 6 | AS6: =IFERROR(((AO6*AM6)+(AP6*AR6))/SUM(AO6,AR6),"") -> 108.42714 | AT6: =IFERROR(AS6-VLOOKUP(AD6,$B$5:$H$14,7,FALSE),"") -> 0.99199835 | AU6: =AL6-AT6 -> 3.9242414 | AW6: 51 | AX6: Eric/Blake | AY6: Graham/Michael | AZ6: 136.06727 | BA6: 13.672842 | BB6: 11 | BC6: 114.976 | BD6: 17.93262 | BE6: 5 | BF6: 129.47625 | BG6: 19.081317 | BH6: 136.164 | BI6: 13.737056 | BJ6: 5 | BK6: 100.67455 | BL6: 2.2776224 | BM6: 11 | BN6: 111.765 | BO6: 1.8336667 | BP6: 17.24765
B7: Dave/Nolan | C7: =COUNTIF('Regular Season'!R:R,'Summary Page'!B7) -> 81 | D7: =COUNTIF('Regular Season'!S:S,'Summary Page'!B7) -> 92 | E7: =IFERROR(C7/SUM(C7:D7),"") -> 0.46820809 | F7: =SUMIF('Regular Season'!R:R,'Summary Page'!B7,'Regular Season'!T:T)+SUMIF('Regular Season'!S:S,'Summary Page'!B7,'Regular Season'!U:U) -> 18586.28 | G7: =SUMIF('Regular Season'!R:R,'Summary Page'!B7,'Regular Season'!U:U)+SUMIF('Regular Season'!S:S,'Summary Page'!B7,'Regular Season'!T:T) -> 18598.64 | H7: =F7/SUM(C7:D7) -> 107.43514 | I7: =AVERAGEIF(Tables!C:C,'Summary Page'!B7,Tables!D:D) -> 6.0769231 | J7: =AVERAGEIF('Regular Season'!R:R,'Summary Page'!B7,'Regular Season'!T:T) -> 121.69975 | K7: =AVERAGEIF('Regular Season'!S:S,'Summary Page'!B7,'Regular Season'!U:U) -> 94.876087 | M7: 3 | N7: =VLOOKUP(M7,'Regular Season'!F:U,13,FALSE) -> Graham/Michael | O7: =VLOOKUP(M7,'Regular Season'!F:U,14,FALSE) -> Eric/Blake | P7: =VLOOKUP(M7,'Regular Season'!F:U,3,FALSE) -> 2023 | Q7: =VLOOKUP(M7,'Regular Season'!F:U,4,FALSE) -> 3 | R7: =VLOOKUP(M7,'Regular Season'!F:U,15,FALSE) -> 181.66 | T7: 3 | U7: =VLOOKUP(T7,Tables!A:K,3,FALSE) -> Dave/Nolan | V7: =VLOOKUP(T7,Tables!A:K,2,FALSE) -> 2019 | W7: =VLOOKUP(T7,Tables!A:K,5,FALSE) -> 4 | X7: =VLOOKUP(T7,Tables!A:K,6,FALSE) -> 10 | Y7: =VLOOKUP(T7,Tables!A:K,7,FALSE) -> 3 | Z7: =VLOOKUP(T7,Tables!A:K,11,FALSE) -> 127.13846 | AB7: 3 | AC7: Brian/Travis | AD7: David/Marshall | AE7: =AVERAGEIFS('Regular Season'!T:T,'Regular Season'!R:R,'Summary Page'!AC7,'Regular Season'!S:S,'Summary Page'!AD7) -> 112.822 | AF7: =AE7-VLOOKUP(AC7,'Summary Page (2)'!$B$5:$K$14,9,FALSE) -> -5.1149767 | AG7: =COUNTIFS('Regular Season'!R:R,'Summary Page'!AC7,'Regular Season'!S:S,'Summary Page'!AD7) -> 10 | AH7: =AVERAGEIFS('Regular Season'!U:U,'Regular Season'!S:S,'Summary Page'!AC7,'Regular Season'!R:R,'Summary Page'!AD7) -> 98.668889 | AI7: =AH7-VLOOKUP(AC7,'Summary Page (2)'!$B$5:$K$14,10,FALSE) -> 4.5757071 | AJ7: =COUNTIFS('Regular Season'!R:R,'Summary Page'!AD7,'Regular Season'!S:S,'Summary Page'!AC7) -> 9 | AK7: =IFERROR(((AG7*AE7)+(AH7*AJ7))/SUM(AG7,AJ7),"") -> 106.11789 | AL7: =IFERROR(AK7-VLOOKUP(AC7,$B$5:$H$14,7,FALSE),"") -> 0.23984876 | AM7: =AVERAGEIFS('Regular Season'!T:T,'Regular Season'!R:R,'Summary Page'!AD7,'Regular Season'!S:S,'Summary Page'!AC7) -> 116.73333 | AN7: =AM7-VLOOKUP(AD7,'Summary Page (2)'!$B$5:$K$14,9,FALSE) -> -2.4547826 | AO7: =COUNTIFS('Regular Season'!R:R,'Summary Page'!AD7,'Regular Season'!S:S,'Summary Page'!AC7) -> 9 | AP7: =AVERAGEIFS('Regular Season'!U:U,'Regular Season'!S:S,'Summary Page'!AD7,'Regular Season'!R:R,'Summary Page'!AC7) -> 92.364 | AQ7: =AP7-VLOOKUP(AD7,'Summary Page (2)'!$B$5:$K$14,10,FALSE) -> 1.8175849 | AR7: =COUNTIFS('Regular Season'!R:R,'Summary Page'!AC7,'Regular Season'!S:S,'Summary Page'!AD7) -> 10 | AS7: =IFERROR(((AO7*AM7)+(AP7*AR7))/SUM(AO7,AR7),"") -> 103.90737 | AT7: =IFERROR(AS7-VLOOKUP(AD7,$B$5:$H$14,7,FALSE),"") -> 2.0679398 | AU7: =AL7-AT7 -> -1.8280911 | AW7: 7 | AX7: Brian/Travis | AY7: Pat/Tucker | AZ7: 118.19231 | BA7: 1.0908791 | BB7: 13 | BC7: 93.115 | BD7: -0.45 | BE7: 8 | BF7: 108.63905 | BG7: 4.090381 | BH7: 105.1575 | BI7: -15.415743 | BJ7: 8 | BK7: 87.26 | BL7: -6.1378947 | BM7: 13 | BN7: 94.078095 | BO7: -12.726305 | BP7: 16.816686
B8: David/Marshall | C8: =COUNTIF('Regular Season'!R:R,'Summary Page'!B8) -> 69 | D8: =COUNTIF('Regular Season'!S:S,'Summary Page'!B8) -> 106 | E8: =IFERROR(C8/SUM(C8:D8),"") -> 0.39428571 | F8: =SUMIF('Regular Season'!R:R,'Summary Page'!B8,'Regular Season'!T:T)+SUMIF('Regular Season'!S:S,'Summary Page'!B8,'Regular Season'!U:U) -> 17821.9 | G8: =SUMIF('Regular Season'!R:R,'Summary Page'!B8,'Regular Season'!U:U)+SUMIF('Regular Season'!S:S,'Summary Page'!B8,'Regular Season'!T:T) -> 18752.74 | H8: =F8/SUM(C8:D8) -> 101.83943 | I8: =AVERAGEIF(Tables!C:C,'Summary Page'!B8,Tables!D:D) -> 7.1538462 | J8: =AVERAGEIF('Regular Season'!R:R,'Summary Page'!B8,'Regular Season'!T:T) -> 119.18812 | K8: =AVERAGEIF('Regular Season'!S:S,'Summary Page'!B8,'Regular Season'!U:U) -> 90.546415 | M8: 4 | N8: =VLOOKUP(M8,'Regular Season'!F:U,13,FALSE) -> Pat/Tucker | O8: =VLOOKUP(M8,'Regular Season'!F:U,14,FALSE) -> David/Marshall | P8: =VLOOKUP(M8,'Regular Season'!F:U,3,FALSE) -> 2022 | Q8: =VLOOKUP(M8,'Regular Season'!F:U,4,FALSE) -> 8 | R8: =VLOOKUP(M8,'Regular Season'!F:U,15,FALSE) -> 181.62 | T8: 4 | U8: =VLOOKUP(T8,Tables!A:K,3,FALSE) -> David/Marshall | V8: =VLOOKUP(T8,Tables!A:K,2,FALSE) -> 2021 | W8: =VLOOKUP(T8,Tables!A:K,5,FALSE) -> 5 | X8: =VLOOKUP(T8,Tables!A:K,6,FALSE) -> 9 | Y8: =VLOOKUP(T8,Tables!A:K,7,FALSE) -> 5 | Z8: =VLOOKUP(T8,Tables!A:K,11,FALSE) -> 125.53286 | AB8: 4 | AC8: Brian/Travis | AD8: Drew/Cam | AE8: =AVERAGEIFS('Regular Season'!T:T,'Regular Season'!R:R,'Summary Page'!AC8,'Regular Season'!S:S,'Summary Page'!AD8) -> 127.28222 | AF8: =AE8-VLOOKUP(AC8,'Summary Page (2)'!$B$5:$K$14,9,FALSE) -> 9.3452455 | AG8: =COUNTIFS('Regular Season'!R:R,'Summary Page'!AC8,'Regular Season'!S:S,'Summary Page'!AD8) -> 9 | AH8: =AVERAGEIFS('Regular Season'!U:U,'Regular Season'!S:S,'Summary Page'!AC8,'Regular Season'!R:R,'Summary Page'!AD8) -> 88.694286 | AI8: =AH8-VLOOKUP(AC8,'Summary Page (2)'!$B$5:$K$14,10,FALSE) -> -5.3988961 | AJ8: =COUNTIFS('Regular Season'!R:R,'Summary Page'!AD8,'Regular Season'!S:S,'Summary Page'!AC8) -> 14 | AK8: =IFERROR(((AG8*AE8)+(AH8*AJ8))/SUM(AG8,AJ8),"") -> 103.79391 | AL8: =IFERROR(AK8-VLOOKUP(AC8,$B$5:$H$14,7,FALSE),"") -> -2.0841329 | AM8: =AVERAGEIFS('Regular Season'!T:T,'Regular Season'!R:R,'Summary Page'!AD8,'Regular Season'!S:S,'Summary Page'!AC8) -> 114.69 | AN8: =AM8-VLOOKUP(AD8,'Summary Page (2)'!$B$5:$K$14,9,FALSE) -> -1.1502439 | AO8: =COUNTIFS('Regular Season'!R:R,'Summary Page'!AD8,'Regular Season'!S:S,'Summary Page'!AC8) -> 14 | AP8: =AVERAGEIFS('Regular Season'!U:U,'Regular Season'!S:S,'Summary Page'!AD8,'Regular Season'!R:R,'Summary Page'!AC8) -> 99.566667 | AQ8: =AP8-VLOOKUP(AD8,'Summary Page (2)'!$B$5:$K$14,10,FALSE) -> 6.7159058 | AR8: =COUNTIFS('Regular Season'!R:R,'Summary Page'!AC8,'Regular Season'!S:S,'Summary Page'!AD8) -> 9 | AS8: =IFERROR(((AO8*AM8)+(AP8*AR8))/SUM(AO8,AR8),"") -> 108.77217 | AT8: =IFERROR(AS8-VLOOKUP(AD8,$B$5:$H$14,7,FALSE),"") -> 5.0872889 | AU8: =AL8-AT8 -> -7.1714218 | AW8: 9 | AX8: Brian/Travis | AY8: Walker/Cory | AZ8: 122.24 | BA8: 5.1385714 | BB8: 8 | BC8: 67.91 | BD8: -25.655 | BE8: 4 | BF8: 104.13 | BG8: -0.41866667 | BH8: 108.1 | BI8: -9.4865854 | BJ8: 4 | BK8: 82.5 | BL8: -10.223529 | BM8: 8 | BN8: 91.033333 | BO8: -15.282 | BP8: 14.863333
B9: Drew/Cam | C9: =COUNTIF('Regular Season'!R:R,'Summary Page'!B9) -> 82 | D9: =COUNTIF('Regular Season'!S:S,'Summary Page'!B9) -> 92 | E9: =IFERROR(C9/SUM(C9:D9),"") -> 0.47126437 | F9: =SUMIF('Regular Season'!R:R,'Summary Page'!B9,'Regular Season'!T:T)+SUMIF('Regular Season'!S:S,'Summary Page'!B9,'Regular Season'!U:U) -> 18041.17 | G9: =SUMIF('Regular Season'!R:R,'Summary Page'!B9,'Regular Season'!U:U)+SUMIF('Regular Season'!S:S,'Summary Page'!B9,'Regular Season'!T:T) -> 18755.38 | H9: =F9/SUM(C9:D9) -> 103.68489 | I9: =AVERAGEIF(Tables!C:C,'Summary Page'!B9,Tables!D:D) -> 6.0769231 | J9: =AVERAGEIF('Regular Season'!R:R,'Summary Page'!B9,'Regular Season'!T:T) -> 115.84024 | K9: =AVERAGEIF('Regular Season'!S:S,'Summary Page'!B9,'Regular Season'!U:U) -> 92.850761 | M9: 5 | N9: =VLOOKUP(M9,'Regular Season'!F:U,13,FALSE) -> Eric/Blake | O9: =VLOOKUP(M9,'Regular Season'!F:U,14,FALSE) -> Graham/Michael | P9: =VLOOKUP(M9,'Regular Season'!F:U,3,FALSE) -> 2015 | Q9: =VLOOKUP(M9,'Regular Season'!F:U,4,FALSE) -> 5 | R9: =VLOOKUP(M9,'Regular Season'!F:U,15,FALSE) -> 177 | T9: 5 | U9: =VLOOKUP(T9,Tables!A:K,3,FALSE) -> Graham/Michael | V9: =VLOOKUP(T9,Tables!A:K,2,FALSE) -> 2019 | W9: =VLOOKUP(T9,Tables!A:K,5,FALSE) -> 3 | X9: =VLOOKUP(T9,Tables!A:K,6,FALSE) -> 8 | Y9: =VLOOKUP(T9,Tables!A:K,7,FALSE) -> 5 | Z9: =VLOOKUP(T9,Tables!A:K,11,FALSE) -> 122.97538 | AB9: 5 | AC9: Brian/Travis | AD9: Eric/Blake | AE9: =AVERAGEIFS('Regular Season'!T:T,'Regular Season'!R:R,'Summary Page'!AC9,'Regular Season'!S:S,'Summary Page'!AD9) -> 125.4525 | AF9: =AE9-VLOOKUP(AC9,'Summary Page (2)'!$B$5:$K$14,9,FALSE) -> 7.5155233 | AG9: =COUNTIFS('Regular Season'!R:R,'Summary Page'!AC9,'Regular Season'!S:S,'Summary Page'!AD9) -> 8 | AH9: =AVERAGEIFS('Regular Season'!U:U,'Regular Season'!S:S,'Summary Page'!AC9,'Regular Season'!R:R,'Summary Page'!AD9) -> 95.342857 | AI9: =AH9-VLOOKUP(AC9,'Summary Page (2)'!$B$5:$K$14,10,FALSE) -> 1.2496753 | AJ9: =COUNTIFS('Regular Season'!R:R,'Summary Page'!AD9,'Regular Season'!S:S,'Summary Page'!AC9) -> 7 | AK9: =IFERROR(((AG9*AE9)+(AH9*AJ9))/SUM(AG9,AJ9),"") -> 111.40133 | AL9: =IFERROR(AK9-VLOOKUP(AC9,$B$5:$H$14,7,FALSE),"") -> 5.5232874 | AM9: =AVERAGEIFS('Regular Season'!T:T,'Regular Season'!R:R,'Summary Page'!AD9,'Regular Season'!S:S,'Summary Page'!AC9) -> 116.03429 | AN9: =AM9-VLOOKUP(AD9,'Summary Page (2)'!$B$5:$K$14,9,FALSE) -> -6.3083516 | AO9: =COUNTIFS('Regular Season'!R:R,'Summary Page'!AD9,'Regular Season'!S:S,'Summary Page'!AC9) -> 7 | AP9: =AVERAGEIFS('Regular Season'!U:U,'Regular Season'!S:S,'Summary Page'!AD9,'Regular Season'!R:R,'Summary Page'!AC9) -> 106.4175 | AQ9: =AP9-VLOOKUP(AD9,'Summary Page (2)'!$B$5:$K$14,10,FALSE) -> 10.0175 | AR9: =COUNTIFS('Regular Season'!R:R,'Summary Page'!AC9,'Regular Season'!S:S,'Summary Page'!AD9) -> 8 | AS9: =IFERROR(((AO9*AM9)+(AP9*AR9))/SUM(AO9,AR9),"") -> 110.90533 | AT9: =IFERROR(AS9-VLOOKUP(AD9,$B$5:$H$14,7,FALSE),"") -> 0.93763218 | AU9: =AL9-AT9 -> 4.5856552 | AW9: 67 | AX9: Pat/Tucker | AY9: David/Marshall | AZ9: 127.55273 | BA9: 6.979484 | BB9: 11 | BC9: 73.033333 | BD9: -20.364561 | BE9: 3 | BF9: 115.87 | BG9: 9.0656 | BH9: 118.69333 | BI9: 0.83011905 | BJ9: 3 | BK9: 90.872727 | BL9: -0.023017408 | BM9: 11 | BN9: 96.834286 | BO9: -4.1293143 | BP9: 13.194914
B10: Eric/Blake | C10: =COUNTIF('Regular Season'!R:R,'Summary Page'!B10) -> 91 | D10: =COUNTIF('Regular Season'!S:S,'Summary Page'!B10) -> 83 | E10: =IFERROR(C10/SUM(C10:D10),"") -> 0.52298851 | F10: =SUMIF('Regular Season'!R:R,'Summary Page'!B10,'Regular Season'!T:T)+SUMIF('Regular Season'!S:S,'Summary Page'!B10,'Regular Season'!U:U) -> 19134.38 | G10: =SUMIF('Regular Season'!R:R,'Summary Page'!B10,'Regular Season'!U:U)+SUMIF('Regular Season'!S:S,'Summary Page'!B10,'Regular Season'!T:T) -> 18865.58 | H10: =F10/SUM(C10:D10) -> 109.9677 | I10: =AVERAGEIF(Tables!C:C,'Summary Page'!B10,Tables!D:D) -> 4.8461538 | J10: =AVERAGEIF('Regular Season'!R:R,'Summary Page'!B10,'Regular Season'!T:T) -> 122.34264 | K10: =AVERAGEIF('Regular Season'!S:S,'Summary Page'!B10,'Regular Season'!U:U) -> 96.4 | M10: 6 | N10: =VLOOKUP(M10,'Regular Season'!F:U,13,FALSE) -> Clay/Ryan | O10: =VLOOKUP(M10,'Regular Season'!F:U,14,FALSE) -> Dave/Nolan | P10: =VLOOKUP(M10,'Regular Season'!F:U,3,FALSE) -> 2019 | Q10: =VLOOKUP(M10,'Regular Season'!F:U,4,FALSE) -> 5 | R10: =VLOOKUP(M10,'Regular Season'!F:U,15,FALSE) -> 176.56 | T10: 6 | U10: =VLOOKUP(T10,Tables!A:K,3,FALSE) -> Clay/Ryan | V10: =VLOOKUP(T10,Tables!A:K,2,FALSE) -> 2019 | W10: =VLOOKUP(T10,Tables!A:K,5,FALSE) -> 6 | X10: =VLOOKUP(T10,Tables!A:K,6,FALSE) -> 6 | Y10: =VLOOKUP(T10,Tables!A:K,7,FALSE) -> 7 | Z10: =VLOOKUP(T10,Tables!A:K,11,FALSE) -> 122.44923 | AB10: 6 | AC10: Brian/Travis | AD10: Graham/Michael | AE10: =AVERAGEIFS('Regular Season'!T:T,'Regular Season'!R:R,'Summary Page'!AC10,'Regular Season'!S:S,'Summary Page'!AD10) -> 114.09556 | AF10: =AE10-VLOOKUP(AC10,'Summary Page (2)'!$B$5:$K$14,9,FALSE) -> -3.8414212 | AG10: =COUNTIFS('Regular Season'!R:R,'Summary Page'!AC10,'Regular Season'!S:S,'Summary Page'!AD10) -> 9 | AH10: =AVERAGEIFS('Regular Season'!U:U,'Regular Season'!S:S,'Summary Page'!AC10,'Regular Season'!R:R,'Summary Page'!AD10) -> 98.785455 | AI10: =AH10-VLOOKUP(AC10,'Summary Page (2)'!$B$5:$K$14,10,FALSE) -> 4.6922727 | AJ10: =COUNTIFS('Regular Season'!R:R,'Summary Page'!AD10,'Regular Season'!S:S,'Summary Page'!AC10) -> 11 | AK10: =IFERROR(((AG10*AE10)+(AH10*AJ10))/SUM(AG10,AJ10),"") -> 105.675 | AL10: =IFERROR(AK10-VLOOKUP(AC10,$B$5:$H$14,7,FALSE),"") -> -0.20304598 | AM10: =AVERAGEIFS('Regular Season'!T:T,'Regular Season'!R:R,'Summary Page'!AD10,'Regular Season'!S:S,'Summary Page'!AC10) -> 128.71273 | AN10: =AM10-VLOOKUP(AD10,'Summary Page (2)'!$B$5:$K$14,9,FALSE) -> 3.5540606 | AO10: =COUNTIFS('Regular Season'!R:R,'Summary Page'!AD10,'Regular Season'!S:S,'Summary Page'!AC10) -> 11 | AP10: =AVERAGEIFS('Regular Season'!U:U,'Regular Season'!S:S,'Summary Page'!AD10,'Regular Season'!R:R,'Summary Page'!AC10) -> 92.804444 | AQ10: =AP10-VLOOKUP(AD10,'Summary Page (2)'!$B$5:$K$14,10,FALSE) -> -6.1426984 | AR10: =COUNTIFS('Regular Season'!R:R,'Summary Page'!AC10,'Regular Season'!S:S,'Summary Page'!AD10) -> 9 | AS10: =IFERROR(((AO10*AM10)+(AP10*AR10))/SUM(AO10,AR10),"") -> 112.554 | AT10: =IFERROR(AS10-VLOOKUP(AD10,$B$5:$H$14,7,FALSE),"") -> 0.049172414 | AU10: =AL10-AT10 -> -0.25221839 | AW10: 79 | AX10: Trent/Colin | AY10: Graham/Michael | AZ10: 128.782 | BA10: 7.6957079 | BB10: 10 | BC10: 104.74286 | BD10: 9.9569555 | BE10: 7 | BF10: 118.88353 | BG10: 8.4927294 | BH10: 113.75429 | BI10: -8.6726587 | BJ10: 7 | BK10: 100.354 | BL10: 1.9570769 | BM10: 10 | BN10: 105.87176 | BO10: -4.0595686 | BP10: 12.552298
B11: Graham/Michael | C11: =COUNTIF('Regular Season'!R:R,'Summary Page'!B11) -> 90 | D11: =COUNTIF('Regular Season'!S:S,'Summary Page'!B11) -> 84 | E11: =IFERROR(C11/SUM(C11:D11),"") -> 0.51724138 | F11: =SUMIF('Regular Season'!R:R,'Summary Page'!B11,'Regular Season'!T:T)+SUMIF('Regular Season'!S:S,'Summary Page'!B11,'Regular Season'!U:U) -> 19575.84 | G11: =SUMIF('Regular Season'!R:R,'Summary Page'!B11,'Regular Season'!U:U)+SUMIF('Regular Season'!S:S,'Summary Page'!B11,'Regular Season'!T:T) -> 19246.16 | H11: =F11/SUM(C11:D11) -> 112.50483 | I11: =AVERAGEIF(Tables!C:C,'Summary Page'!B11,Tables!D:D) -> 5.0769231 | J11: =AVERAGEIF('Regular Season'!R:R,'Summary Page'!B11,'Regular Season'!T:T) -> 125.15867 | K11: =AVERAGEIF('Regular Season'!S:S,'Summary Page'!B11,'Regular Season'!U:U) -> 98.947143 | M11: 7 | N11: =VLOOKUP(M11,'Regular Season'!F:U,13,FALSE) -> Brian/Travis | O11: =VLOOKUP(M11,'Regular Season'!F:U,14,FALSE) -> Walker/Cory | P11: =VLOOKUP(M11,'Regular Season'!F:U,3,FALSE) -> 2020 | Q11: =VLOOKUP(M11,'Regular Season'!F:U,4,FALSE) -> 12 | R11: =VLOOKUP(M11,'Regular Season'!F:U,15,FALSE) -> 174.08 | T11: 7 | U11: =VLOOKUP(T11,Tables!A:K,3,FALSE) -> Graham/Michael | V11: =VLOOKUP(T11,Tables!A:K,2,FALSE) -> 2014 | W11: =VLOOKUP(T11,Tables!A:K,5,FALSE) -> 5 | X11: =VLOOKUP(T11,Tables!A:K,6,FALSE) -> 6 | Y11: =VLOOKUP(T11,Tables!A:K,7,FALSE) -> 7 | Z11: =VLOOKUP(T11,Tables!A:K,11,FALSE) -> 122.34615 | AB11: 7 | AC11: Brian/Travis | AD11: Pat/Tucker | AE11: =AVERAGEIFS('Regular Season'!T:T,'Regular Season'!R:R,'Summary Page'!AC11,'Regular Season'!S:S,'Summary Page'!AD11) -> 118.55867 | AF11: =AE11-VLOOKUP(AC11,'Summary Page (2)'!$B$5:$K$14,9,FALSE) -> 0.62168992 | AG11: =COUNTIFS('Regular Season'!R:R,'Summary Page'!AC11,'Regular Season'!S:S,'Summary Page'!AD11) -> 15 | AH11: =AVERAGEIFS('Regular Season'!U:U,'Regular Season'!S:S,'Summary Page'!AC11,'Regular Season'!R:R,'Summary Page'!AD11) -> 94.171111 | AI11: =AH11-VLOOKUP(AC11,'Summary Page (2)'!$B$5:$K$14,10,FALSE) -> 0.077929293 | AJ11: =COUNTIFS('Regular Season'!R:R,'Summary Page'!AD11,'Regular Season'!S:S,'Summary Page'!AC11) -> 9 | AK11: =IFERROR(((AG11*AE11)+(AH11*AJ11))/SUM(AG11,AJ11),"") -> 109.41333 | AL11: =IFERROR(AK11-VLOOKUP(AC11,$B$5:$H$14,7,FALSE),"") -> 3.5352874 | AM11: =AVERAGEIFS('Regular Season'!T:T,'Regular Season'!R:R,'Summary Page'!AD11,'Regular Season'!S:S,'Summary Page'!AC11) -> 106.42444 | AN11: =AM11-VLOOKUP(AD11,'Summary Page (2)'!$B$5:$K$14,9,FALSE) -> -14.017937 | AO11: =COUNTIFS('Regular Season'!R:R,'Summary Page'!AD11,'Regular Season'!S:S,'Summary Page'!AC11) -> 9 | AP11: =AVERAGEIFS('Regular Season'!U:U,'Regular Season'!S:S,'Summary Page'!AD11,'Regular Season'!R:R,'Summary Page'!AC11) -> 86.406667 | AQ11: =AP11-VLOOKUP(AD11,'Summary Page (2)'!$B$5:$K$14,10,FALSE) -> -8.0990152 | AR11: =COUNTIFS('Regular Season'!R:R,'Summary Page'!AC11,'Regular Season'!S:S,'Summary Page'!AD11) -> 15 | AS11: =IFERROR(((AO11*AM11)+(AP11*AR11))/SUM(AO11,AR11),"") -> 93.913333 | AT11: =IFERROR(AS11-VLOOKUP(AD11,$B$5:$H$14,7,FALSE),"") -> -13.259109 | AU11: =AL11-AT11 -> 16.794396 | AW11: 87 | AX11: Walker/Cory | AY11: Eric/Blake | AZ11: 111.77333 | BA11: -5.813252 | BB11: 12 | BC11: 89.17 | BD11: -3.5535294 | BE11: 8 | BF11: 102.732 | BG11: -3.5833333 | BH11: 97.765 | BI11: -24.62943 | BJ11: 8 | BK11: 96.205 | BL11: -0.83838028 | BM11: 12 | BN11: 96.829 | BO11: -13.565933 | BP11: 9.9826
B12: Pat/Tucker | C12: =COUNTIF('Regular Season'!R:R,'Summary Page'!B12) -> 84 | D12: =COUNTIF('Regular Season'!S:S,'Summary Page'!B12) -> 88 | E12: =IFERROR(C12/SUM(C12:D12),"") -> 0.48837209 | F12: =SUMIF('Regular Season'!R:R,'Summary Page'!B12,'Regular Season'!T:T)+SUMIF('Regular Season'!S:S,'Summary Page'!B12,'Regular Season'!U:U) -> 18433.66 | G12: =SUMIF('Regular Season'!R:R,'Summary Page'!B12,'Regular Season'!U:U)+SUMIF('Regular Season'!S:S,'Summary Page'!B12,'Regular Season'!T:T) -> 18937.73 | H12: =F12/SUM(C12:D12) -> 107.17244 | I12: =AVERAGEIF(Tables!C:C,'Summary Page'!B12,Tables!D:D) -> 5.8461538 | J12: =AVERAGEIF('Regular Season'!R:R,'Summary Page'!B12,'Regular Season'!T:T) -> 120.44238 | K12: =AVERAGEIF('Regular Season'!S:S,'Summary Page'!B12,'Regular Season'!U:U) -> 94.505682 | M12: 8 | N12: =VLOOKUP(M12,'Regular Season'!F:U,13,FALSE) -> Trent/Colin | O12: =VLOOKUP(M12,'Regular Season'!F:U,14,FALSE) -> Pat/Tucker | P12: =VLOOKUP(M12,'Regular Season'!F:U,3,FALSE) -> 2022 | Q12: =VLOOKUP(M12,'Regular Season'!F:U,4,FALSE) -> 10 | R12: =VLOOKUP(M12,'Regular Season'!F:U,15,FALSE) -> 173.08 | T12: 8 | U12: =VLOOKUP(T12,Tables!A:K,3,FALSE) -> Pat/Tucker | V12: =VLOOKUP(T12,Tables!A:K,2,FALSE) -> 2020 | W12: =VLOOKUP(T12,Tables!A:K,5,FALSE) -> 3 | X12: =VLOOKUP(T12,Tables!A:K,6,FALSE) -> 10 | Y12: =VLOOKUP(T12,Tables!A:K,7,FALSE) -> 3 | Z12: =VLOOKUP(T12,Tables!A:K,11,FALSE) -> 122.18462 | AB12: 8 | AC12: Brian/Travis | AD12: Trent/Colin | AE12: =AVERAGEIFS('Regular Season'!T:T,'Regular Season'!R:R,'Summary Page'!AC12,'Regular Season'!S:S,'Summary Page'!AD12) -> 117.52889 | AF12: =AE12-VLOOKUP(AC12,'Summary Page (2)'!$B$5:$K$14,9,FALSE) -> -0.40808786 | AG12: =COUNTIFS('Regular Season'!R:R,'Summary Page'!AC12,'Regular Season'!S:S,'Summary Page'!AD12) -> 9 | AH12: =AVERAGEIFS('Regular Season'!U:U,'Regular Season'!S:S,'Summary Page'!AC12,'Regular Season'!R:R,'Summary Page'!AD12) -> 98.6425 | AI12: =AH12-VLOOKUP(AC12,'Summary Page (2)'!$B$5:$K$14,10,FALSE) -> 4.5493182 | AJ12: =COUNTIFS('Regular Season'!R:R,'Summary Page'!AD12,'Regular Season'!S:S,'Summary Page'!AC12) -> 16 | AK12: =IFERROR(((AG12*AE12)+(AH12*AJ12))/SUM(AG12,AJ12),"") -> 105.4416 | AL12: =IFERROR(AK12-VLOOKUP(AC12,$B$5:$H$14,7,FALSE),"") -> -0.43644598 | AM12: =AVERAGEIFS('Regular Season'!T:T,'Regular Season'!R:R,'Summary Page'!AD12,'Regular Season'!S:S,'Summary Page'!AC12) -> 119.33125 | AN12: =AM12-VLOOKUP(AD12,'Summary Page (2)'!$B$5:$K$14,9,FALSE) -> -1.4250245 | AO12: =COUNTIFS('Regular Season'!R:R,'Summary Page'!AD12,'Regular Season'!S:S,'Summary Page'!AC12) -> 16 | AP12: =AVERAGEIFS('Regular Season'!U:U,'Regular Season'!S:S,'Summary Page'!AD12,'Regular Season'!R:R,'Summary Page'!AC12) -> 92.011111 | AQ12: =AP12-VLOOKUP(AD12,'Summary Page (2)'!$B$5:$K$14,10,FALSE) -> -4.6813213 | AR12: =COUNTIFS('Regular Season'!R:R,'Summary Page'!AC12,'Regular Season'!S:S,'Summary Page'!AD12) -> 9 | AS12: =IFERROR(((AO12*AM12)+(AP12*AR12))/SUM(AO12,AR12),"") -> 109.496 | AT12: =IFERROR(AS12-VLOOKUP(AD12,$B$5:$H$14,7,FALSE),"") -> -1.1425227 | AU12: =AL12-AT12 -> 0.70607675 | AW12: 37 | AX12: Drew/Cam | AY12: Brian/Travis | AZ12: 116.335 | BA12: 0.79034247 | BB12: 12 | BC12: 100.69429 | BD12: 9.1654545 | BE12: 7 | BF12: 110.57263 | BG12: 7.3560982 | BH12: 124.66571 | BI12: 7.5642857 | BJ12: 7 | BK12: 89.416667 | BL12: -4.1483333 | BM12: 12 | BN12: 102.40316 | BO12: -2.1455088 | BP12: 9.501607
B13: Trent/Colin | C13: =COUNTIF('Regular Season'!R:R,'Summary Page'!B13) -> 102 | D13: =COUNTIF('Regular Season'!S:S,'Summary Page'!B13) -> 74 | E13: =IFERROR(C13/SUM(C13:D13),"") -> 0.57954545 | F13: =SUMIF('Regular Season'!R:R,'Summary Page'!B13,'Regular Season'!T:T)+SUMIF('Regular Season'!S:S,'Summary Page'!B13,'Regular Season'!U:U) -> 19472.38 | G13: =SUMIF('Regular Season'!R:R,'Summary Page'!B13,'Regular Season'!U:U)+SUMIF('Regular Season'!S:S,'Summary Page'!B13,'Regular Season'!T:T) -> 18604.72 | H13: =F13/SUM(C13:D13) -> 110.63852 | I13: =AVERAGEIF(Tables!C:C,'Summary Page'!B13,Tables!D:D) -> 3.9230769 | J13: =AVERAGEIF('Regular Season'!R:R,'Summary Page'!B13,'Regular Season'!T:T) -> 120.75627 | K13: =AVERAGEIF('Regular Season'!S:S,'Summary Page'!B13,'Regular Season'!U:U) -> 96.692432 | M13: 9 | N13: =VLOOKUP(M13,'Regular Season'!F:U,13,FALSE) -> Pat/Tucker | O13: =VLOOKUP(M13,'Regular Season'!F:U,14,FALSE) -> Eric/Blake | P13: =VLOOKUP(M13,'Regular Season'!F:U,3,FALSE) -> 2014 | Q13: =VLOOKUP(M13,'Regular Season'!F:U,4,FALSE) -> 6 | R13: =VLOOKUP(M13,'Regular Season'!F:U,15,FALSE) -> 172.5 | T13: 9 | U13: =VLOOKUP(T13,Tables!A:K,3,FALSE) -> Trent/Colin | V13: =VLOOKUP(T13,Tables!A:K,2,FALSE) -> 2023 | W13: =VLOOKUP(T13,Tables!A:K,5,FALSE) -> 1 | X13: =VLOOKUP(T13,Tables!A:K,6,FALSE) -> 9 | Y13: =VLOOKUP(T13,Tables!A:K,7,FALSE) -> 5 | Z13: =VLOOKUP(T13,Tables!A:K,11,FALSE) -> 121.60286 | AB13: 9 | AC13: Brian/Travis | AD13: Walker/Cory | AE13: =AVERAGEIFS('Regular Season'!T:T,'Regular Season'!R:R,'Summary Page'!AC13,'Regular Season'!S:S,'Summary Page'!AD13) -> 123.56889 | AF13: =AE13-VLOOKUP(AC13,'Summary Page (2)'!$B$5:$K$14,9,FALSE) -> 5.6319121 | AG13: =COUNTIFS('Regular Season'!R:R,'Summary Page'!AC13,'Regular Season'!S:S,'Summary Page'!AD13) -> 9 | AH13: =AVERAGEIFS('Regular Season'!U:U,'Regular Season'!S:S,'Summary Page'!AC13,'Regular Season'!R:R,'Summary Page'!AD13) -> 69.088 | AI13: =AH13-VLOOKUP(AC13,'Summary Page (2)'!$B$5:$K$14,10,FALSE) -> -25.005182 | AJ13: =COUNTIFS('Regular Season'!R:R,'Summary Page'!AD13,'Regular Season'!S:S,'Summary Page'!AC13) -> 5 | AK13: =IFERROR(((AG13*AE13)+(AH13*AJ13))/SUM(AG13,AJ13),"") -> 104.11143 | AL13: =IFERROR(AK13-VLOOKUP(AC13,$B$5:$H$14,7,FALSE),"") -> -1.7666174 | AM13: =AVERAGEIFS('Regular Season'!T:T,'Regular Season'!R:R,'Summary Page'!AD13,'Regular Season'!S:S,'Summary Page'!AC13) -> 106.884 | AN13: =AM13-VLOOKUP(AD13,'Summary Page (2)'!$B$5:$K$14,9,FALSE) -> -9.1938261 | AO13: =COUNTIFS('Regular Season'!R:R,'Summary Page'!AD13,'Regular Season'!S:S,'Summary Page'!AC13) -> 5 | AP13: =AVERAGEIFS('Regular Season'!U:U,'Regular Season'!S:S,'Summary Page'!AD13,'Regular Season'!R:R,'Summary Page'!AC13) -> 83.426667 | AQ13: =AP13-VLOOKUP(AD13,'Summary Page (2)'!$B$5:$K$14,10,FALSE) -> -11.343577 | AR13: =COUNTIFS('Regular Season'!R:R,'Summary Page'!AC13,'Regular Season'!S:S,'Summary Page'!AD13) -> 9 | AS13: =IFERROR(((AO13*AM13)+(AP13*AR13))/SUM(AO13,AR13),"") -> 91.804286 | AT13: =IFERROR(AS13-VLOOKUP(AD13,$B$5:$H$14,7,FALSE),"") -> -14.232036 | AU13: =AL13-AT13 -> 12.465419 | AW13: 16 | AX13: Clay/Ryan | AY13: Pat/Tucker | AZ13: 123.16333 | BA13: 4.1848523 | BB13: 6 | BC13: 95.24 | BD13: 2.4180282 | BE13: 5 | BF13: 110.47091 | BG13: 3.8731758 | BH13: 113.428 | BI13: -7.1452432 | BJ13: 5 | BK13: 92.123333 | BL13: -1.2745614 | BM13: 6 | BN13: 101.80727 | BO13: -4.9971273 | BP13: 8.870303
B14: Walker/Cory | C14: =COUNTIF('Regular Season'!R:R,'Summary Page'!B14) -> 92 | D14: =COUNTIF('Regular Season'!S:S,'Summary Page'!B14) -> 82 | E14: =IFERROR(C14/SUM(C14:D14),"") -> 0.52873563 | F14: =SUMIF('Regular Season'!R:R,'Summary Page'!B14,'Regular Season'!T:T)+SUMIF('Regular Season'!S:S,'Summary Page'!B14,'Regular Season'!U:U) -> 18450.32 | G14: =SUMIF('Regular Season'!R:R,'Summary Page'!B14,'Regular Season'!U:U)+SUMIF('Regular Season'!S:S,'Summary Page'!B14,'Regular Season'!T:T) -> 18344.8 | H14: =F14/SUM(C14:D14) -> 106.03632 | I14: =AVERAGEIF(Tables!C:C,'Summary Page'!B14,Tables!D:D) -> 5.2307692 | J14: =AVERAGEIF('Regular Season'!R:R,'Summary Page'!B14,'Regular Season'!T:T) -> 116.07783 | K14: =AVERAGEIF('Regular Season'!S:S,'Summary Page'!B14,'Regular Season'!U:U) -> 94.770244 | M14: 10 | N14: =VLOOKUP(M14,'Regular Season'!F:U,13,FALSE) -> Pat/Tucker | O14: =VLOOKUP(M14,'Regular Season'!F:U,14,FALSE) -> Drew/Cam | P14: =VLOOKUP(M14,'Regular Season'!F:U,3,FALSE) -> 2020 | Q14: =VLOOKUP(M14,'Regular Season'!F:U,4,FALSE) -> 4 | R14: =VLOOKUP(M14,'Regular Season'!F:U,15,FALSE) -> 171.38 | T14: 10 | U14: =VLOOKUP(T14,Tables!A:K,3,FALSE) -> Walker/Cory | V14: =VLOOKUP(T14,Tables!A:K,2,FALSE) -> 2022 | W14: =VLOOKUP(T14,Tables!A:K,5,FALSE) -> 1 | X14: =VLOOKUP(T14,Tables!A:K,6,FALSE) -> 10 | Y14: =VLOOKUP(T14,Tables!A:K,7,FALSE) -> 4 | Z14: =VLOOKUP(T14,Tables!A:K,11,FALSE) -> 120.78 | AB14: 10 | AC14: Clay/Ryan | AD14: Brian/Travis | AE14: =AVERAGEIFS('Regular Season'!T:T,'Regular Season'!R:R,'Summary Page'!AC14,'Regular Season'!S:S,'Summary Page'!AD14) -> 122.76222 | AF14: =AE14-VLOOKUP(AC14,'Summary Page (2)'!$B$5:$K$14,9,FALSE) -> 3.2886738 | AG14: =COUNTIFS('Regular Season'!R:R,'Summary Page'!AC14,'Regular Season'!S:S,'Summary Page'!AD14) -> 9 | AH14: =AVERAGEIFS('Regular Season'!U:U,'Regular Season'!S:S,'Summary Page'!AC14,'Regular Season'!R:R,'Summary Page'!AD14) -> 82.661818 | AI14: =AH14-VLOOKUP(AC14,'Summary Page (2)'!$B$5:$K$14,10,FALSE) -> -10.411515 | AJ14: =COUNTIFS('Regular Season'!R:R,'Summary Page'!AD14,'Regular Season'!S:S,'Summary Page'!AC14) -> 11 | AK14: =IFERROR(((AG14*AE14)+(AH14*AJ14))/SUM(AG14,AJ14),"") -> 100.707 | AL14: =IFERROR(AK14-VLOOKUP(AC14,$B$5:$H$14,7,FALSE),"") -> -6.4767931 | AM14: =AVERAGEIFS('Regular Season'!T:T,'Regular Season'!R:R,'Summary Page'!AD14,'Regular Season'!S:S,'Summary Page'!AC14) -> 104.04545 | AN14: =AM14-VLOOKUP(AD14,'Summary Page (2)'!$B$5:$K$14,9,FALSE) -> -13.891522 | AO14: =COUNTIFS('Regular Season'!R:R,'Summary Page'!AD14,'Regular Season'!S:S,'Summary Page'!AC14) -> 11 | AP14: =AVERAGEIFS('Regular Season'!U:U,'Regular Season'!S:S,'Summary Page'!AD14,'Regular Season'!R:R,'Summary Page'!AC14) -> 91.068889 | AQ14: =AP14-VLOOKUP(AD14,'Summary Page (2)'!$B$5:$K$14,10,FALSE) -> -3.0242929 | AR14: =COUNTIFS('Regular Season'!R:R,'Summary Page'!AC14,'Regular Season'!S:S,'Summary Page'!AD14) -> 9 | AS14: =IFERROR(((AO14*AM14)+(AP14*AR14))/SUM(AO14,AR14),"") -> 98.206 | AT14: =IFERROR(AS14-VLOOKUP(AD14,$B$5:$H$14,7,FALSE),"") -> -7.672046 | AU14: =AL14-AT14 -> 1.1952529 | AW14: 5 | AX14: Brian/Travis | AY14: Eric/Blake | AZ14: 125.95714 | BA14: 8.8557143 | BB14: 7 | BC14: 94.846667 | BD14: 1.2816667 | BE14: 6 | BF14: 111.59846 | BG14: 7.0497949 | BH14: 114.76333 | BI14: -7.631097 | BJ14: 6 | BK14: 104.25714 | BL14: 7.2137626 | BM14: 7 | BN14: 109.10615 | BO14: -1.2887795 | BP14: 8.3385744
AB15: 11 | AC15: Clay/Ryan | AD15: Dave/Nolan | AE15: =AVERAGEIFS('Regular Season'!T:T,'Regular Season'!R:R,'Summary Page'!AC15,'Regular Season'!S:S,'Summary Page'!AD15) -> 122.782 | AF15: =AE15-VLOOKUP(AC15,'Summary Page (2)'!$B$5:$K$14,9,FALSE) -> 3.3084516 | AG15: =COUNTIFS('Regular Season'!R:R,'Summary Page'!AC15,'Regular Season'!S:S,'Summary Page'!AD15) -> 10 | AH15: =AVERAGEIFS('Regular Season'!U:U,'Regular Season'!S:S,'Summary Page'!AC15,'Regular Season'!R:R,'Summary Page'!AD15) -> 94.696 | AI15: =AH15-VLOOKUP(AC15,'Summary Page (2)'!$B$5:$K$14,10,FALSE) -> 1.6226667 | AJ15: =COUNTIFS('Regular Season'!R:R,'Summary Page'!AD15,'Regular Season'!S:S,'Summary Page'!AC15) -> 10 | AK15: =IFERROR(((AG15*AE15)+(AH15*AJ15))/SUM(AG15,AJ15),"") -> 108.739 | AL15: =IFERROR(AK15-VLOOKUP(AC15,$B$5:$H$14,7,FALSE),"") -> 1.5552069 | AM15: =AVERAGEIFS('Regular Season'!T:T,'Regular Season'!R:R,'Summary Page'!AD15,'Regular Season'!S:S,'Summary Page'!AC15) -> 118.03 | AN15: =AM15-VLOOKUP(AD15,'Summary Page (2)'!$B$5:$K$14,9,FALSE) -> -3.6697531 | AO15: =COUNTIFS('Regular Season'!R:R,'Summary Page'!AD15,'Regular Season'!S:S,'Summary Page'!AC15) -> 10 | AP15: =AVERAGEIFS('Regular Season'!U:U,'Regular Season'!S:S,'Summary Page'!AD15,'Regular Season'!R:R,'Summary Page'!AC15) -> 93.942 | AQ15: =AP15-VLOOKUP(AD15,'Summary Page (2)'!$B$5:$K$14,10,FALSE) -> -0.93408696 | AR15: =COUNTIFS('Regular Season'!R:R,'Summary Page'!AC15,'Regular Season'!S:S,'Summary Page'!AD15) -> 10 | AS15: =IFERROR(((AO15*AM15)+(AP15*AR15))/SUM(AO15,AR15),"") -> 105.986 | AT15: =IFERROR(AS15-VLOOKUP(AD15,$B$5:$H$14,7,FALSE),"") -> -1.4491445 | AU15: =AL15-AT15 -> 3.0043514 | AW15: 23 | AX15: Dave/Nolan | AY15: Eric/Blake | AZ15: 127.95 | BA15: 5.4673684 | BB15: 10 | BC15: 102.48222 | BD15: 6.1643844 | BE15: 9 | BF15: 115.88632 | BG15: 6.3116491 | BH15: 126.1 | BI15: 3.7055696 | BJ15: 9 | BK15: 92.956 | BL15: -4.0873803 | BM15: 10 | BN15: 108.65579 | BO15: -1.7391439 | BP15: 8.050793
B16: Historical Playoff Table | M16: Biggest Regular Season Beatdowns | T16: Highest Points Total in a Matchup | AB16: 12 | AC16: Clay/Ryan | AD16: David/Marshall | AE16: =AVERAGEIFS('Regular Season'!T:T,'Regular Season'!R:R,'Summary Page'!AC16,'Regular Season'!S:S,'Summary Page'!AD16) -> 116.824 | AF16: =AE16-VLOOKUP(AC16,'Summary Page (2)'!$B$5:$K$14,9,FALSE) -> -2.6495484 | AG16: =COUNTIFS('Regular Season'!R:R,'Summary Page'!AC16,'Regular Season'!S:S,'Summary Page'!AD16) -> 15 | AH16: =AVERAGEIFS('Regular Season'!U:U,'Regular Season'!S:S,'Summary Page'!AC16,'Regular Season'!R:R,'Summary Page'!AD16) -> 96.59 | AI16: =AH16-VLOOKUP(AC16,'Summary Page (2)'!$B$5:$K$14,10,FALSE) -> 3.5166667 | AJ16: =COUNTIFS('Regular Season'!R:R,'Summary Page'!AD16,'Regular Season'!S:S,'Summary Page'!AC16) -> 8 | AK16: =IFERROR(((AG16*AE16)+(AH16*AJ16))/SUM(AG16,AJ16),"") -> 109.78609 | AL16: =IFERROR(AK16-VLOOKUP(AC16,$B$5:$H$14,7,FALSE),"") -> 2.6022939 | AM16: =AVERAGEIFS('Regular Season'!T:T,'Regular Season'!R:R,'Summary Page'!AD16,'Regular Season'!S:S,'Summary Page'!AC16) -> 129.025 | AN16: =AM16-VLOOKUP(AD16,'Summary Page (2)'!$B$5:$K$14,9,FALSE) -> 9.8368841 | AO16: =COUNTIFS('Regular Season'!R:R,'Summary Page'!AD16,'Regular Season'!S:S,'Summary Page'!AC16) -> 8 | AP16: =AVERAGEIFS('Regular Season'!U:U,'Regular Season'!S:S,'Summary Page'!AD16,'Regular Season'!R:R,'Summary Page'!AC16) -> 93.478667 | AQ16: =AP16-VLOOKUP(AD16,'Summary Page (2)'!$B$5:$K$14,10,FALSE) -> 2.9322516 | AR16: =COUNTIFS('Regular Season'!R:R,'Summary Page'!AC16,'Regular Season'!S:S,'Summary Page'!AD16) -> 15 | AS16: =IFERROR(((AO16*AM16)+(AP16*AR16))/SUM(AO16,AR16),"") -> 105.84261 | AT16: =IFERROR(AS16-VLOOKUP(AD16,$B$5:$H$14,7,FALSE),"") -> 4.0031801 | AU16: =AL16-AT16 -> -1.4008863 | AW16: 61 | AX16: Graham/Michael | AY16: Pat/Tucker | AZ16: 131.852 | BA16: 9.4250556 | BB16: 10 | BC16: 102.70222 | BD16: 4.3052991 | BE16: 9 | BF16: 118.04421 | BG16: 8.1128772 | BH16: 120.14667 | BI16: -0.42657658 | BJ16: 9 | BK16: 95.564 | BL16: 2.1661053 | BM16: 10 | BN16: 107.20842 | BO16: 0.40402105 | BP16: 7.7088561
B17: Team | C17: Wins | D17: Losses | E17: Pct | F17: Pts For | G17: Apps | H17: Ringz | I17: Semis | M17: Rank | N17: Owner | O17: Opponent | P17: Season | Q17: Week | R17: Margin | T17: Rank | U17: Winner | V17: Loser | W17: Season | X17: Week | Y17: Total Pts | AB17: 13 | AC17: Clay/Ryan | AD17: Drew/Cam | AE17: =AVERAGEIFS('Regular Season'!T:T,'Regular Season'!R:R,'Summary Page'!AC17,'Regular Season'!S:S,'Summary Page'!AD17) -> 120.00667 | AF17: =AE17-VLOOKUP(AC17,'Summary Page (2)'!$B$5:$K$14,9,FALSE) -> 0.53311828 | AG17: =COUNTIFS('Regular Season'!R:R,'Summary Page'!AC17,'Regular Season'!S:S,'Summary Page'!AD17) -> 12 | AH17: =AVERAGEIFS('Regular Season'!U:U,'Regular Season'!S:S,'Summary Page'!AC17,'Regular Season'!R:R,'Summary Page'!AD17) -> 98.265714 | AI17: =AH17-VLOOKUP(AC17,'Summary Page (2)'!$B$5:$K$14,10,FALSE) -> 5.192381 | AJ17: =COUNTIFS('Regular Season'!R:R,'Summary Page'!AD17,'Regular Season'!S:S,'Summary Page'!AC17) -> 7 | AK17: =IFERROR(((AG17*AE17)+(AH17*AJ17))/SUM(AG17,AJ17),"") -> 111.99684 | AL17: =IFERROR(AK17-VLOOKUP(AC17,$B$5:$H$14,7,FALSE),"") -> 4.813049 | AM17: =AVERAGEIFS('Regular Season'!T:T,'Regular Season'!R:R,'Summary Page'!AD17,'Regular Season'!S:S,'Summary Page'!AC17) -> 120.77714 | AN17: =AM17-VLOOKUP(AD17,'Summary Page (2)'!$B$5:$K$14,9,FALSE) -> 4.936899 | AO17: =COUNTIFS('Regular Season'!R:R,'Summary Page'!AD17,'Regular Season'!S:S,'Summary Page'!AC17) -> 7 | AP17: =AVERAGEIFS('Regular Season'!U:U,'Regular Season'!S:S,'Summary Page'!AD17,'Regular Season'!R:R,'Summary Page'!AC17) -> 95.321667 | AQ17: =AP17-VLOOKUP(AD17,'Summary Page (2)'!$B$5:$K$14,10,FALSE) -> 2.4709058 | AR17: =COUNTIFS('Regular Season'!R:R,'Summary Page'!AC17,'Regular Season'!S:S,'Summary Page'!AD17) -> 12 | AS17: =IFERROR(((AO17*AM17)+(AP17*AR17))/SUM(AO17,AR17),"") -> 104.7 | AT17: =IFERROR(AS17-VLOOKUP(AD17,$B$5:$H$14,7,FALSE),"") -> 1.0151149 | AU17: =AL17-AT17 -> 3.7979341 | AW17: 52 | AX17: Eric/Blake | AY17: Pat/Tucker | AZ17: 134.75333 | BA17: 12.358903 | BB17: 9 | BC17: 107.4525 | BD17: 10.40912 | BE17: 8 | BF17: 121.90588 | BG17: 11.510949 | BH17: 123.05 | BI17: 2.4767568 | BJ17: 8 | BK17: 101.32222 | BL17: 7.9243275 | BM17: 9 | BN17: 111.54706 | BO17: 4.7426588 | BP17: 6.7682902
B18: Brian/Travis | C18: =COUNTIF(Playoffs!O:O,'Summary Page'!B18) -> 2 | D18: =COUNTIF(Playoffs!P:P,'Summary Page'!B18) -> 11 | E18: =IFERROR(C18/SUM(C18:D18),"") -> 0.15384615 | F18: =SUMIF(Playoffs!O:O,'Summary Page'!B18,Playoffs!Q:Q)+SUMIF(Playoffs!P:P,'Summary Page'!B18,Playoffs!R:R) -> 1354.66 | G18: =COUNTIFS(Tables!C:C,'Summary Page'!B18,Tables!H:H,"Y") -> 8 | H18: =COUNTIFS(Tables!E:E,"1",Tables!C:C,'Summary Page'!B18) -> 0 | I18: =COUNTIFS(Tables!E:E,"1",Tables!C:C,'Summary Page'!B18)+COUNTIFS(Tables!E:E,"2",Tables!C:C,'Summary Page'!B18)+COUNTIFS(Tables!E:E,"3",Tables!C:C,'Summary Page'!B18)+COUNTIFS(Tables!E:E,"4",Tables!C:C,'Summary Page'!B18) -> 3 | M18: 1 | N18: =VLOOKUP(M5,'Regular Season'!D:U,15,FALSE) -> Dave/Nolan | O18: =VLOOKUP(M5,'Regular Season'!D:U,16,FALSE) -> Walker/Cory | P18: =VLOOKUP(M5,'Regular Season'!D:U,5,FALSE) -> 2023 | Q18: =VLOOKUP(M5,'Regular Season'!D:U,6,FALSE) -> 13 | R18: =VLOOKUP(M5,'Regular Season'!D:U,14,FALSE) -> 99.4 | T18: 1 | U18: =VLOOKUP(T18,'Regular Season'!E:U,14,FALSE) -> Graham/Michael | V18: =VLOOKUP(T18,'Regular Season'!E:U,15,FALSE) -> Eric/Blake | W18: =VLOOKUP(T18,'Regular Season'!E:U,4,FALSE) -> 2023 | X18: =VLOOKUP(T18,'Regular Season'!E:U,5,FALSE) -> 3 | Y18: =VLOOKUP(T18,'Regular Season'!E:U,12,FALSE) -> 337.84 | AB18: 14 | AC18: Clay/Ryan | AD18: Eric/Blake | AE18: =AVERAGEIFS('Regular Season'!T:T,'Regular Season'!R:R,'Summary Page'!AC18,'Regular Season'!S:S,'Summary Page'!AD18) -> 109.712 | AF18: =AE18-VLOOKUP(AC18,'Summary Page (2)'!$B$5:$K$14,9,FALSE) -> -9.7615484 | AG18: =COUNTIFS('Regular Season'!R:R,'Summary Page'!AC18,'Regular Season'!S:S,'Summary Page'!AD18) -> 10 | AH18: =AVERAGEIFS('Regular Season'!U:U,'Regular Season'!S:S,'Summary Page'!AC18,'Regular Season'!R:R,'Summary Page'!AD18) -> 88.766667 | AI18: =AH18-VLOOKUP(AC18,'Summary Page (2)'!$B$5:$K$14,10,FALSE) -> -4.3066667 | AJ18: =COUNTIFS('Regular Season'!R:R,'Summary Page'!AD18,'Regular Season'!S:S,'Summary Page'!AC18) -> 9 | AK18: =IFERROR(((AG18*AE18)+(AH18*AJ18))/SUM(AG18,AJ18),"") -> 99.790526 | AL18: =IFERROR(AK18-VLOOKUP(AC18,$B$5:$H$14,7,FALSE),"") -> -7.3932668 | AM18: =AVERAGEIFS('Regular Season'!T:T,'Regular Season'!R:R,'Summary Page'!AD18,'Regular Season'!S:S,'Summary Page'!AC18) -> 114.54222 | AN18: =AM18-VLOOKUP(AD18,'Summary Page (2)'!$B$5:$K$14,9,FALSE) -> -7.8004151 | AO18: =COUNTIFS('Regular Season'!R:R,'Summary Page'!AD18,'Regular Season'!S:S,'Summary Page'!AC18) -> 9 | AP18: =AVERAGEIFS('Regular Season'!U:U,'Regular Season'!S:S,'Summary Page'!AD18,'Regular Season'!R:R,'Summary Page'!AC18) -> 86.934 | AQ18: =AP18-VLOOKUP(AD18,'Summary Page (2)'!$B$5:$K$14,10,FALSE) -> -9.466 | AR18: =COUNTIFS('Regular Season'!R:R,'Summary Page'!AC18,'Regular Season'!S:S,'Summary Page'!AD18) -> 10 | AS18: =IFERROR(((AO18*AM18)+(AP18*AR18))/SUM(AO18,AR18),"") -> 100.01158 | AT18: =IFERROR(AS18-VLOOKUP(AD18,$B$5:$H$14,7,FALSE),"") -> -9.9561222 | AU18: =AL18-AT18 -> 2.5628554 | AW18: 71 | AX18: Pat/Tucker | AY18: Trent/Colin | AZ18: 123.306 | BA18: 2.7327568 | BB18: 10 | BC18: 92.61 | BD18: -0.78789474 | BE18: 8 | BF18: 109.66333 | BG18: 2.8589333 | BH18: 122.3625 | BI18: 1.2762079 | BJ18: 8 | BK18: 94.23 | BL18: -0.55590164 | BM18: 10 | BN18: 106.73333 | BO18: -3.6574667 | BP18: 6.5164
B19: Clay/Ryan | C19: =COUNTIF(Playoffs!O:O,'Summary Page'!B19) -> 13 | D19: =COUNTIF(Playoffs!P:P,'Summary Page'!B19) -> 7 | E19: =IFERROR(C19/SUM(C19:D19),"") -> 0.65 | F19: =SUMIF(Playoffs!O:O,'Summary Page'!B19,Playoffs!Q:Q)+SUMIF(Playoffs!P:P,'Summary Page'!B19,Playoffs!R:R) -> 2398.04 | G19: =COUNTIFS(Tables!C:C,'Summary Page'!B19,Tables!H:H,"Y") -> 10 | H19: =COUNTIFS(Tables!E:E,"1",Tables!C:C,'Summary Page'!B19) -> 3 | I19: =COUNTIFS(Tables!E:E,"1",Tables!C:C,'Summary Page'!B19)+COUNTIFS(Tables!E:E,"2",Tables!C:C,'Summary Page'!B19)+COUNTIFS(Tables!E:E,"3",Tables!C:C,'Summary Page'!B19)+COUNTIFS(Tables!E:E,"4",Tables!C:C,'Summary Page'!B19) -> 6 | M19: 2 | N19: =VLOOKUP(M6,'Regular Season'!D:U,15,FALSE) -> Pat/Tucker | O19: =VLOOKUP(M6,'Regular Season'!D:U,16,FALSE) -> David/Marshall | P19: =VLOOKUP(M6,'Regular Season'!D:U,5,FALSE) -> 2022 | Q19: =VLOOKUP(M6,'Regular Season'!D:U,6,FALSE) -> 8 | R19: =VLOOKUP(M6,'Regular Season'!D:U,14,FALSE) -> 96.62 | T19: 2 | U19: =VLOOKUP(T19,'Regular Season'!E:U,14,FALSE) -> Clay/Ryan | V19: =VLOOKUP(T19,'Regular Season'!E:U,15,FALSE) -> Dave/Nolan | W19: =VLOOKUP(T19,'Regular Season'!E:U,4,FALSE) -> 2019 | X19: =VLOOKUP(T19,'Regular Season'!E:U,5,FALSE) -> 5 | Y19: =VLOOKUP(T19,'Regular Season'!E:U,12,FALSE) -> 328.98 | AB19: 15 | AC19: Clay/Ryan | AD19: Graham/Michael | AE19: =AVERAGEIFS('Regular Season'!T:T,'Regular Season'!R:R,'Summary Page'!AC19,'Regular Season'!S:S,'Summary Page'!AD19) -> 128.18 | AF19: =AE19-VLOOKUP(AC19,'Summary Page (2)'!$B$5:$K$14,9,FALSE) -> 8.7064516 | AG19: =COUNTIFS('Regular Season'!R:R,'Summary Page'!AC19,'Regular Season'!S:S,'Summary Page'!AD19) -> 6 | AH19: =AVERAGEIFS('Regular Season'!U:U,'Regular Season'!S:S,'Summary Page'!AC19,'Regular Season'!R:R,'Summary Page'!AD19) -> 93.75 | AI19: =AH19-VLOOKUP(AC19,'Summary Page (2)'!$B$5:$K$14,10,FALSE) -> 0.67666667 | AJ19: =COUNTIFS('Regular Season'!R:R,'Summary Page'!AD19,'Regular Season'!S:S,'Summary Page'!AC19) -> 10 | AK19: =IFERROR(((AG19*AE19)+(AH19*AJ19))/SUM(AG19,AJ19),"") -> 106.66125 | AL19: =IFERROR(AK19-VLOOKUP(AC19,$B$5:$H$14,7,FALSE),"") -> -0.5225431 | AM19: =AVERAGEIFS('Regular Season'!T:T,'Regular Season'!R:R,'Summary Page'!AD19,'Regular Season'!S:S,'Summary Page'!AC19) -> 124.2 | AN19: =AM19-VLOOKUP(AD19,'Summary Page (2)'!$B$5:$K$14,9,FALSE) -> -0.95866667 | AO19: =COUNTIFS('Regular Season'!R:R,'Summary Page'!AD19,'Regular Season'!S:S,'Summary Page'!AC19) -> 10 | AP19: =AVERAGEIFS('Regular Season'!U:U,'Regular Season'!S:S,'Summary Page'!AD19,'Regular Season'!R:R,'Summary Page'!AC19) -> 98.09 | AQ19: =AP19-VLOOKUP(AD19,'Summary Page (2)'!$B$5:$K$14,10,FALSE) -> -0.85714286 | AR19: =COUNTIFS('Regular Season'!R:R,'Summary Page'!AC19,'Regular Season'!S:S,'Summary Page'!AD19) -> 6 | AS19: =IFERROR(((AO19*AM19)+(AP19*AR19))/SUM(AO19,AR19),"") -> 114.40875 | AT19: =IFERROR(AS19-VLOOKUP(AD19,$B$5:$H$14,7,FALSE),"") -> 1.9039224 | AU19: =AL19-AT19 -> -2.4264655 | AW19: 66 | AX19: Pat/Tucker | AY19: Dave/Nolan | AZ19: 134.33143 | BA19: 13.758185 | BB19: 7 | BC19: 86.457778 | BD19: -6.940117 | BE19: 9 | BF19: 107.4025 | BG19: 0.5981 | BH19: 108.73333 | BI19: -13.749298 | BJ19: 9 | BK19: 98.057143 | BL19: 1.739305 | BM19: 7 | BN19: 104.0625 | BO19: -5.5121667 | BP19: 6.1102667
B20: Dave/Nolan | C20: =COUNTIF(Playoffs!O:O,'Summary Page'!B20) -> 6 | D20: =COUNTIF(Playoffs!P:P,'Summary Page'!B20) -> 8 | E20: =IFERROR(C20/SUM(C20:D20),"") -> 0.42857143 | F20: =SUMIF(Playoffs!O:O,'Summary Page'!B20,Playoffs!Q:Q)+SUMIF(Playoffs!P:P,'Summary Page'!B20,Playoffs!R:R) -> 1523.82 | G20: =COUNTIFS(Tables!C:C,'Summary Page'!B20,Tables!H:H,"Y") -> 7 | H20: =COUNTIFS(Tables!E:E,"1",Tables!C:C,'Summary Page'!B20) -> 0 | I20: =COUNTIFS(Tables!E:E,"1",Tables!C:C,'Summary Page'!B20)+COUNTIFS(Tables!E:E,"2",Tables!C:C,'Summary Page'!B20)+COUNTIFS(Tables!E:E,"3",Tables!C:C,'Summary Page'!B20)+COUNTIFS(Tables!E:E,"4",Tables!C:C,'Summary Page'!B20) -> 5 | M20: 3 | N20: =VLOOKUP(M7,'Regular Season'!D:U,15,FALSE) -> Pat/Tucker | O20: =VLOOKUP(M7,'Regular Season'!D:U,16,FALSE) -> Dave/Nolan | P20: =VLOOKUP(M7,'Regular Season'!D:U,5,FALSE) -> 2022 | Q20: =VLOOKUP(M7,'Regular Season'!D:U,6,FALSE) -> 2 | R20: =VLOOKUP(M7,'Regular Season'!D:U,14,FALSE) -> 92.72 | T20: 3 | U20: =VLOOKUP(T20,'Regular Season'!E:U,14,FALSE) -> Eric/Blake | V20: =VLOOKUP(T20,'Regular Season'!E:U,15,FALSE) -> Dave/Nolan | W20: =VLOOKUP(T20,'Regular Season'!E:U,4,FALSE) -> 2021 | X20: =VLOOKUP(T20,'Regular Season'!E:U,5,FALSE) -> 5 | Y20: =VLOOKUP(T20,'Regular Season'!E:U,12,FALSE) -> 315.46 | AB20: 16 | AC20: Clay/Ryan | AD20: Pat/Tucker | AE20: =AVERAGEIFS('Regular Season'!T:T,'Regular Season'!R:R,'Summary Page'!AC20,'Regular Season'!S:S,'Summary Page'!AD20) -> 126.92571 | AF20: =AE20-VLOOKUP(AC20,'Summary Page (2)'!$B$5:$K$14,9,FALSE) -> 7.4521659 | AG20: =COUNTIFS('Regular Season'!R:R,'Summary Page'!AC20,'Regular Season'!S:S,'Summary Page'!AD20) -> 7 | AH20: =AVERAGEIFS('Regular Season'!U:U,'Regular Season'!S:S,'Summary Page'!AC20,'Regular Season'!R:R,'Summary Page'!AD20) -> 95.24 | AI20: =AH20-VLOOKUP(AC20,'Summary Page (2)'!$B$5:$K$14,10,FALSE) -> 2.1666667 | AJ20: =COUNTIFS('Regular Season'!R:R,'Summary Page'!AD20,'Regular Season'!S:S,'Summary Page'!AC20) -> 5 | AK20: =IFERROR(((AG20*AE20)+(AH20*AJ20))/SUM(AG20,AJ20),"") -> 113.72333 | AL20: =IFERROR(AK20-VLOOKUP(AC20,$B$5:$H$14,7,FALSE),"") -> 6.5395402 | AM20: =AVERAGEIFS('Regular Season'!T:T,'Regular Season'!R:R,'Summary Page'!AD20,'Regular Season'!S:S,'Summary Page'!AC20) -> 113.428 | AN20: =AM20-VLOOKUP(AD20,'Summary Page (2)'!$B$5:$K$14,9,FALSE) -> -7.014381 | AO20: =COUNTIFS('Regular Season'!R:R,'Summary Page'!AD20,'Regular Season'!S:S,'Summary Page'!AC20) -> 5 | AP20: =AVERAGEIFS('Regular Season'!U:U,'Regular Season'!S:S,'Summary Page'!AD20,'Regular Season'!R:R,'Summary Page'!AC20) -> 95.065714 | AQ20: =AP20-VLOOKUP(AD20,'Summary Page (2)'!$B$5:$K$14,10,FALSE) -> 0.56003247 | AR20: =COUNTIFS('Regular Season'!R:R,'Summary Page'!AC20,'Regular Season'!S:S,'Summary Page'!AD20) -> 7 | AS20: =IFERROR(((AO20*AM20)+(AP20*AR20))/SUM(AO20,AR20),"") -> 102.71667 | AT20: =IFERROR(AS20-VLOOKUP(AD20,$B$5:$H$14,7,FALSE),"") -> -4.4557752 | AU20: =AL20-AT20 -> 10.995315 | AW20: 86 | AX20: Walker/Cory | AY20: Drew/Cam | AZ20: 112.4925 | BA20: -5.0940854 | BB20: 8 | BC20: 91.316 | BD20: -1.4075294 | BE20: 5 | BF20: 104.34769 | BG20: -1.967641 | BH20: 120.968 | BI20: 5.4233425 | BJ20: 5 | BK20: 80.0025 | BL20: -11.526331 | BM20: 8 | BN20: 95.758462 | BO20: -7.4580718 | BP20: 5.4904308
B21: David/Marshall | C21: =COUNTIF(Playoffs!O:O,'Summary Page'!B21) -> 3 | D21: =COUNTIF(Playoffs!P:P,'Summary Page'!B21) -> 5 | E21: =IFERROR(C21/SUM(C21:D21),"") -> 0.375 | F21: =SUMIF(Playoffs!O:O,'Summary Page'!B21,Playoffs!Q:Q)+SUMIF(Playoffs!P:P,'Summary Page'!B21,Playoffs!R:R) -> 898.54 | G21: =COUNTIFS(Tables!C:C,'Summary Page'!B21,Tables!H:H,"Y") -> 4 | H21: =COUNTIFS(Tables!E:E,"1",Tables!C:C,'Summary Page'!B21) -> 1 | I21: =COUNTIFS(Tables!E:E,"1",Tables!C:C,'Summary Page'!B21)+COUNTIFS(Tables!E:E,"2",Tables!C:C,'Summary Page'!B21)+COUNTIFS(Tables!E:E,"3",Tables!C:C,'Summary Page'!B21)+COUNTIFS(Tables!E:E,"4",Tables!C:C,'Summary Page'!B21) -> 3 | M21: 4 | N21: =VLOOKUP(M8,'Regular Season'!D:U,15,FALSE) -> Graham/Michael | O21: =VLOOKUP(M8,'Regular Season'!D:U,16,FALSE) -> Brian/Travis | P21: =VLOOKUP(M8,'Regular Season'!D:U,5,FALSE) -> 2013 | Q21: =VLOOKUP(M8,'Regular Season'!D:U,6,FALSE) -> 9 | R21: =VLOOKUP(M8,'Regular Season'!D:U,14,FALSE) -> 92 | T21: 4 | U21: =VLOOKUP(T21,'Regular Season'!E:U,14,FALSE) -> Eric/Blake | V21: =VLOOKUP(T21,'Regular Season'!E:U,15,FALSE) -> Pat/Tucker | W21: =VLOOKUP(T21,'Regular Season'!E:U,4,FALSE) -> 2021 | X21: =VLOOKUP(T21,'Regular Season'!E:U,5,FALSE) -> 4 | Y21: =VLOOKUP(T21,'Regular Season'!E:U,12,FALSE) -> 304.12 | AB21: 17 | AC21: Clay/Ryan | AD21: Trent/Colin | AE21: =AVERAGEIFS('Regular Season'!T:T,'Regular Season'!R:R,'Summary Page'!AC21,'Regular Season'!S:S,'Summary Page'!AD21) -> 119.49111 | AF21: =AE21-VLOOKUP(AC21,'Summary Page (2)'!$B$5:$K$14,9,FALSE) -> 0.017562724 | AG21: =COUNTIFS('Regular Season'!R:R,'Summary Page'!AC21,'Regular Season'!S:S,'Summary Page'!AD21) -> 9 | AH21: =AVERAGEIFS('Regular Season'!U:U,'Regular Season'!S:S,'Summary Page'!AC21,'Regular Season'!R:R,'Summary Page'!AD21) -> 95.409091 | AI21: =AH21-VLOOKUP(AC21,'Summary Page (2)'!$B$5:$K$14,10,FALSE) -> 2.3357576 | AJ21: =COUNTIFS('Regular Season'!R:R,'Summary Page'!AD21,'Regular Season'!S:S,'Summary Page'!AC21) -> 11 | AK21: =IFERROR(((AG21*AE21)+(AH21*AJ21))/SUM(AG21,AJ21),"") -> 106.246 | AL21: =IFERROR(AK21-VLOOKUP(AC21,$B$5:$H$14,7,FALSE),"") -> -0.9377931 | AM21: =AVERAGEIFS('Regular Season'!T:T,'Regular Season'!R:R,'Summary Page'!AD21,'Regular Season'!S:S,'Summary Page'!AC21) -> 118.22182 | AN21: =AM21-VLOOKUP(AD21,'Summary Page (2)'!$B$5:$K$14,9,FALSE) -> -2.5344563 | AO21: =COUNTIFS('Regular Season'!R:R,'Summary Page'!AD21,'Regular Season'!S:S,'Summary Page'!AC21) -> 11 | AP21: =AVERAGEIFS('Regular Season'!U:U,'Regular Season'!S:S,'Summary Page'!AD21,'Regular Season'!R:R,'Summary Page'!AC21) -> 99.644444 | AQ21: =AP21-VLOOKUP(AD21,'Summary Page (2)'!$B$5:$K$14,10,FALSE) -> 2.952012 | AR21: =COUNTIFS('Regular Season'!R:R,'Summary Page'!AC21,'Regular Season'!S:S,'Summary Page'!AD21) -> 9 | AS21: =IFERROR(((AO21*AM21)+(AP21*AR21))/SUM(AO21,AR21),"") -> 109.862 | AT21: =IFERROR(AS21-VLOOKUP(AD21,$B$5:$H$14,7,FALSE),"") -> -0.77652273 | AU21: =AL21-AT21 -> -0.16127038 | AW21: 89 | AX21: Walker/Cory | AY21: Pat/Tucker | AZ21: 125.79 | BA21: 8.2034146 | BB21: 8 | BC21: 97.88 | BD21: 5.1564706 | BE21: 8 | BF21: 111.835 | BG21: 5.5196667 | BH21: 118.015 | BI21: -2.5582432 | BJ21: 8 | BK21: 95.8475 | BL21: 2.4496053 | BM21: 8 | BN21: 106.93125 | BO21: 0.12685 | BP21: 5.3928167
B22: Drew/Cam | C22: =COUNTIF(Playoffs!O:O,'Summary Page'!B22) -> 10 | D22: =COUNTIF(Playoffs!P:P,'Summary Page'!B22) -> 8 | E22: =IFERROR(C22/SUM(C22:D22),"") -> 0.55555556 | F22: =SUMIF(Playoffs!O:O,'Summary Page'!B22,Playoffs!Q:Q)+SUMIF(Playoffs!P:P,'Summary Page'!B22,Playoffs!R:R) -> 2256.22 | G22: =COUNTIFS(Tables!C:C,'Summary Page'!B22,Tables!H:H,"Y") -> 8 | H22: =COUNTIFS(Tables!E:E,"1",Tables!C:C,'Summary Page'!B22) -> 1 | I22: =COUNTIFS(Tables!E:E,"1",Tables!C:C,'Summary Page'!B22)+COUNTIFS(Tables!E:E,"2",Tables!C:C,'Summary Page'!B22)+COUNTIFS(Tables!E:E,"3",Tables!C:C,'Summary Page'!B22)+COUNTIFS(Tables!E:E,"4",Tables!C:C,'Summary Page'!B22) -> 6 | M22: 5 | N22: =VLOOKUP(M9,'Regular Season'!D:U,15,FALSE) -> Brian/Travis | O22: =VLOOKUP(M9,'Regular Season'!D:U,16,FALSE) -> Walker/Cory | P22: =VLOOKUP(M9,'Regular Season'!D:U,5,FALSE) -> 2020 | Q22: =VLOOKUP(M9,'Regular Season'!D:U,6,FALSE) -> 12 | R22: =VLOOKUP(M9,'Regular Season'!D:U,14,FALSE) -> 90.98 | T22: 5 | U22: =VLOOKUP(T22,'Regular Season'!E:U,14,FALSE) -> Pat/Tucker | V22: =VLOOKUP(T22,'Regular Season'!E:U,15,FALSE) -> Eric/Blake | W22: =VLOOKUP(T22,'Regular Season'!E:U,4,FALSE) -> 2014 | X22: =VLOOKUP(T22,'Regular Season'!E:U,5,FALSE) -> 6 | Y22: =VLOOKUP(T22,'Regular Season'!E:U,12,FALSE) -> 303.5 | AB22: 18 | AC22: Clay/Ryan | AD22: Walker/Cory | AE22: =AVERAGEIFS('Regular Season'!T:T,'Regular Season'!R:R,'Summary Page'!AC22,'Regular Season'!S:S,'Summary Page'!AD22) -> 117.05467 | AF22: =AE22-VLOOKUP(AC22,'Summary Page (2)'!$B$5:$K$14,9,FALSE) -> -2.4188817 | AG22: =COUNTIFS('Regular Season'!R:R,'Summary Page'!AC22,'Regular Season'!S:S,'Summary Page'!AD22) -> 15 | AH22: =AVERAGEIFS('Regular Season'!U:U,'Regular Season'!S:S,'Summary Page'!AC22,'Regular Season'!R:R,'Summary Page'!AD22) -> 96.002 | AI22: =AH22-VLOOKUP(AC22,'Summary Page (2)'!$B$5:$K$14,10,FALSE) -> 2.9286667 | AJ22: =COUNTIFS('Regular Season'!R:R,'Summary Page'!AD22,'Regular Season'!S:S,'Summary Page'!AC22) -> 10 | AK22: =IFERROR(((AG22*AE22)+(AH22*AJ22))/SUM(AG22,AJ22),"") -> 108.6336 | AL22: =IFERROR(AK22-VLOOKUP(AC22,$B$5:$H$14,7,FALSE),"") -> 1.4498069 | AM22: =AVERAGEIFS('Regular Season'!T:T,'Regular Season'!R:R,'Summary Page'!AD22,'Regular Season'!S:S,'Summary Page'!AC22) -> 121.568 | AN22: =AM22-VLOOKUP(AD22,'Summary Page (2)'!$B$5:$K$14,9,FALSE) -> 5.4901739 | AO22: =COUNTIFS('Regular Season'!R:R,'Summary Page'!AD22,'Regular Season'!S:S,'Summary Page'!AC22) -> 10 | AP22: =AVERAGEIFS('Regular Season'!U:U,'Regular Season'!S:S,'Summary Page'!AD22,'Regular Season'!R:R,'Summary Page'!AC22) -> 93.318667 | AQ22: =AP22-VLOOKUP(AD22,'Summary Page (2)'!$B$5:$K$14,10,FALSE) -> -1.4515772 | AR22: =COUNTIFS('Regular Season'!R:R,'Summary Page'!AC22,'Regular Season'!S:S,'Summary Page'!AD22) -> 15 | AS22: =IFERROR(((AO22*AM22)+(AP22*AR22))/SUM(AO22,AR22),"") -> 104.6184 | AT22: =IFERROR(AS22-VLOOKUP(AD22,$B$5:$H$14,7,FALSE),"") -> -1.4179218 | AU22: =AL22-AT22 -> 2.8677287 | AW22: 41 | AX22: Drew/Cam | AY22: Eric/Blake | AZ22: 123.3 | BA22: 7.7553425 | BB22: 7 | BC22: 95.492 | BD22: 3.9631688 | BE22: 5 | BF22: 111.71333 | BG22: 8.4968 | BH22: 128.712 | BI22: 6.3175696 | BJ22: 5 | BK22: 102.89429 | BL22: 5.8509054 | BM22: 7 | BN22: 113.65167 | BO22: 3.2567333 | BP22: 5.2400667
B23: Eric/Blake | C23: =COUNTIF(Playoffs!O:O,'Summary Page'!B23) -> 10 | D23: =COUNTIF(Playoffs!P:P,'Summary Page'!B23) -> 9 | E23: =IFERROR(C23/SUM(C23:D23),"") -> 0.52631579 | F23: =SUMIF(Playoffs!O:O,'Summary Page'!B23,Playoffs!Q:Q)+SUMIF(Playoffs!P:P,'Summary Page'!B23,Playoffs!R:R) -> 2294.34 | G23: =COUNTIFS(Tables!C:C,'Summary Page'!B23,Tables!H:H,"Y") -> 8 | H23: =COUNTIFS(Tables!E:E,"1",Tables!C:C,'Summary Page'!B23) -> 1 | I23: =COUNTIFS(Tables!E:E,"1",Tables!C:C,'Summary Page'!B23)+COUNTIFS(Tables!E:E,"2",Tables!C:C,'Summary Page'!B23)+COUNTIFS(Tables!E:E,"3",Tables!C:C,'Summary Page'!B23)+COUNTIFS(Tables!E:E,"4",Tables!C:C,'Summary Page'!B23) -> 7 | M23: 6 | N23: =VLOOKUP(M10,'Regular Season'!D:U,15,FALSE) -> Walker/Cory | O23: =VLOOKUP(M10,'Regular Season'!D:U,16,FALSE) -> Graham/Michael | P23: =VLOOKUP(M10,'Regular Season'!D:U,5,FALSE) -> 2022 | Q23: =VLOOKUP(M10,'Regular Season'!D:U,6,FALSE) -> 11 | R23: =VLOOKUP(M10,'Regular Season'!D:U,14,FALSE) -> 89.4 | T23: 6 | U23: =VLOOKUP(T23,'Regular Season'!E:U,14,FALSE) -> Drew/Cam | V23: =VLOOKUP(T23,'Regular Season'!E:U,15,FALSE) -> Graham/Michael | W23: =VLOOKUP(T23,'Regular Season'!E:U,4,FALSE) -> 2025 | X23: =VLOOKUP(T23,'Regular Season'!E:U,5,FALSE) -> 4 | Y23: =VLOOKUP(T23,'Regular Season'!E:U,12,FALSE) -> 298.6 | AB23: 19 | AC23: Dave/Nolan | AD23: Brian/Travis | AE23: =AVERAGEIFS('Regular Season'!T:T,'Regular Season'!R:R,'Summary Page'!AC23,'Regular Season'!S:S,'Summary Page'!AD23) -> 117.6325 | AF23: =AE23-VLOOKUP(AC23,'Summary Page (2)'!$B$5:$K$14,9,FALSE) -> -4.0672531 | AG23: =COUNTIFS('Regular Season'!R:R,'Summary Page'!AC23,'Regular Season'!S:S,'Summary Page'!AD23) -> 8 | AH23: =AVERAGEIFS('Regular Season'!U:U,'Regular Season'!S:S,'Summary Page'!AC23,'Regular Season'!R:R,'Summary Page'!AD23) -> 96.153333 | AI23: =AH23-VLOOKUP(AC23,'Summary Page (2)'!$B$5:$K$14,10,FALSE) -> 1.2772464 | AJ23: =COUNTIFS('Regular Season'!R:R,'Summary Page'!AD23,'Regular Season'!S:S,'Summary Page'!AC23) -> 6 | AK23: =IFERROR(((AG23*AE23)+(AH23*AJ23))/SUM(AG23,AJ23),"") -> 108.42714 | AL23: =IFERROR(AK23-VLOOKUP(AC23,$B$5:$H$14,7,FALSE),"") -> 0.99199835 | AM23: =AVERAGEIFS('Regular Season'!T:T,'Regular Season'!R:R,'Summary Page'!AD23,'Regular Season'!S:S,'Summary Page'!AC23) -> 124.26333 | AN23: =AM23-VLOOKUP(AD23,'Summary Page (2)'!$B$5:$K$14,9,FALSE) -> 6.3263566 | AO23: =COUNTIFS('Regular Season'!R:R,'Summary Page'!AD23,'Regular Season'!S:S,'Summary Page'!AC23) -> 6 | AP23: =AVERAGEIFS('Regular Season'!U:U,'Regular Season'!S:S,'Summary Page'!AD23,'Regular Season'!R:R,'Summary Page'!AC23) -> 100.6925 | AQ23: =AP23-VLOOKUP(AD23,'Summary Page (2)'!$B$5:$K$14,10,FALSE) -> 6.5993182 | AR23: =COUNTIFS('Regular Season'!R:R,'Summary Page'!AC23,'Regular Season'!S:S,'Summary Page'!AD23) -> 8 | AS23: =IFERROR(((AO23*AM23)+(AP23*AR23))/SUM(AO23,AR23),"") -> 110.79429 | AT23: =IFERROR(AS23-VLOOKUP(AD23,$B$5:$H$14,7,FALSE),"") -> 4.9162397 | AU23: =AL23-AT23 -> -3.9242414 | AW23: 40 | AX23: Drew/Cam | AY23: David/Marshall | AZ23: 100.07 | BA23: -15.474658 | BB23: 12 | BC23: 97.656 | BD23: 6.1271688 | BE23: 5 | BF23: 99.36 | BG23: -3.8565333 | BH23: 123.672 | BI23: 5.8087857 | BJ23: 5 | BK23: 78.695 | BL23: -12.200745 | BM23: 12 | BN23: 91.923529 | BO23: -9.0400706 | BP23: 5.1835373
B24: Graham/Michael | C24: =COUNTIF(Playoffs!O:O,'Summary Page'!B24) -> 8 | D24: =COUNTIF(Playoffs!P:P,'Summary Page'!B24) -> 9 | E24: =IFERROR(C24/SUM(C24:D24),"") -> 0.47058824 | F24: =SUMIF(Playoffs!O:O,'Summary Page'!B24,Playoffs!Q:Q)+SUMIF(Playoffs!P:P,'Summary Page'!B24,Playoffs!R:R) -> 2045.82 | G24: =COUNTIFS(Tables!C:C,'Summary Page'!B24,Tables!H:H,"Y") -> 9 | H24: =COUNTIFS(Tables!E:E,"1",Tables!C:C,'Summary Page'!B24) -> 1 | I24: =COUNTIFS(Tables!E:E,"1",Tables!C:C,'Summary Page'!B24)+COUNTIFS(Tables!E:E,"2",Tables!C:C,'Summary Page'!B24)+COUNTIFS(Tables!E:E,"3",Tables!C:C,'Summary Page'!B24)+COUNTIFS(Tables!E:E,"4",Tables!C:C,'Summary Page'!B24) -> 5 | M24: 7 | N24: =VLOOKUP(M11,'Regular Season'!D:U,15,FALSE) -> Eric/Blake | O24: =VLOOKUP(M11,'Regular Season'!D:U,16,FALSE) -> Graham/Michael | P24: =VLOOKUP(M11,'Regular Season'!D:U,5,FALSE) -> 2015 | Q24: =VLOOKUP(M11,'Regular Season'!D:U,6,FALSE) -> 5 | R24: =VLOOKUP(M11,'Regular Season'!D:U,14,FALSE) -> 89 | T24: 7 | U24: =VLOOKUP(T24,'Regular Season'!E:U,14,FALSE) -> Pat/Tucker | V24: =VLOOKUP(T24,'Regular Season'!E:U,15,FALSE) -> Drew/Cam | W24: =VLOOKUP(T24,'Regular Season'!E:U,4,FALSE) -> 2020 | X24: =VLOOKUP(T24,'Regular Season'!E:U,5,FALSE) -> 4 | Y24: =VLOOKUP(T24,'Regular Season'!E:U,12,FALSE) -> 298.59 | AB24: 20 | AC24: Dave/Nolan | AD24: Clay/Ryan | AE24: =AVERAGEIFS('Regular Season'!T:T,'Regular Season'!R:R,'Summary Page'!AC24,'Regular Season'!S:S,'Summary Page'!AD24) -> 118.03 | AF24: =AE24-VLOOKUP(AC24,'Summary Page (2)'!$B$5:$K$14,9,FALSE) -> -3.6697531 | AG24: =COUNTIFS('Regular Season'!R:R,'Summary Page'!AC24,'Regular Season'!S:S,'Summary Page'!AD24) -> 10 | AH24: =AVERAGEIFS('Regular Season'!U:U,'Regular Season'!S:S,'Summary Page'!AC24,'Regular Season'!R:R,'Summary Page'!AD24) -> 93.942 | AI24: =AH24-VLOOKUP(AC24,'Summary Page (2)'!$B$5:$K$14,10,FALSE) -> -0.93408696 | AJ24: =COUNTIFS('Regular Season'!R:R,'Summary Page'!AD24,'Regular Season'!S:S,'Summary Page'!AC24) -> 10 | AK24: =IFERROR(((AG24*AE24)+(AH24*AJ24))/SUM(AG24,AJ24),"") -> 105.986 | AL24: =IFERROR(AK24-VLOOKUP(AC24,$B$5:$H$14,7,FALSE),"") -> -1.4491445 | AM24: =AVERAGEIFS('Regular Season'!T:T,'Regular Season'!R:R,'Summary Page'!AD24,'Regular Season'!S:S,'Summary Page'!AC24) -> 122.782 | AN24: =AM24-VLOOKUP(AD24,'Summary Page (2)'!$B$5:$K$14,9,FALSE) -> 3.3084516 | AO24: =COUNTIFS('Regular Season'!R:R,'Summary Page'!AD24,'Regular Season'!S:S,'Summary Page'!AC24) -> 10 | AP24: =AVERAGEIFS('Regular Season'!U:U,'Regular Season'!S:S,'Summary Page'!AD24,'Regular Season'!R:R,'Summary Page'!AC24) -> 94.696 | AQ24: =AP24-VLOOKUP(AD24,'Summary Page (2)'!$B$5:$K$14,10,FALSE) -> 1.6226667 | AR24: =COUNTIFS('Regular Season'!R:R,'Summary Page'!AC24,'Regular Season'!S:S,'Summary Page'!AD24) -> 10 | AS24: =IFERROR(((AO24*AM24)+(AP24*AR24))/SUM(AO24,AR24),"") -> 108.739 | AT24: =IFERROR(AS24-VLOOKUP(AD24,$B$5:$H$14,7,FALSE),"") -> 1.5552069 | AU24: =AL24-AT24 -> -3.0043514 | AW24: 36 | AX24: David/Marshall | AY24: Walker/Cory | AZ24: 119.3575 | BA24: 1.4942857 | BB24: 8 | BC24: 94.473333 | BD24: 3.5775887 | BE24: 9 | BF24: 106.18353 | BG24: 5.2199294 | BH24: 115.66889 | BI24: -1.9176965 | BJ24: 9 | BK24: 96.19 | BL24: 3.4664706 | BM24: 8 | BN24: 106.50235 | BO24: 0.18701961 | BP24: 5.0329098
B25: Pat/Tucker | C25: =COUNTIF(Playoffs!O:O,'Summary Page'!B25) -> 7 | D25: =COUNTIF(Playoffs!P:P,'Summary Page'!B25) -> 6 | E25: =IFERROR(C25/SUM(C25:D25),"") -> 0.53846154 | F25: =SUMIF(Playoffs!O:O,'Summary Page'!B25,Playoffs!Q:Q)+SUMIF(Playoffs!P:P,'Summary Page'!B25,Playoffs!R:R) -> 1464.34 | G25: =COUNTIFS(Tables!C:C,'Summary Page'!B25,Tables!H:H,"Y") -> 7 | H25: =COUNTIFS(Tables!E:E,"1",Tables!C:C,'Summary Page'!B25) -> 1 | I25: =COUNTIFS(Tables!E:E,"1",Tables!C:C,'Summary Page'!B25)+COUNTIFS(Tables!E:E,"2",Tables!C:C,'Summary Page'!B25)+COUNTIFS(Tables!E:E,"3",Tables!C:C,'Summary Page'!B25)+COUNTIFS(Tables!E:E,"4",Tables!C:C,'Summary Page'!B25) -> 4 | M25: 8 | N25: =VLOOKUP(M12,'Regular Season'!D:U,15,FALSE) -> Graham/Michael | O25: =VLOOKUP(M12,'Regular Season'!D:U,16,FALSE) -> David/Marshall | P25: =VLOOKUP(M12,'Regular Season'!D:U,5,FALSE) -> 2025 | Q25: =VLOOKUP(M12,'Regular Season'!D:U,6,FALSE) -> 6 | R25: =VLOOKUP(M12,'Regular Season'!D:U,14,FALSE) -> 86.48 | T25: 8 | U25: =VLOOKUP(T25,'Regular Season'!E:U,14,FALSE) -> Walker/Cory | V25: =VLOOKUP(T25,'Regular Season'!E:U,15,FALSE) -> Graham/Michael | W25: =VLOOKUP(T25,'Regular Season'!E:U,4,FALSE) -> 2022 | X25: =VLOOKUP(T25,'Regular Season'!E:U,5,FALSE) -> 2 | Y25: =VLOOKUP(T25,'Regular Season'!E:U,12,FALSE) -> 297.7 | AB25: 21 | AC25: Dave/Nolan | AD25: David/Marshall | AE25: =AVERAGEIFS('Regular Season'!T:T,'Regular Season'!R:R,'Summary Page'!AC25,'Regular Season'!S:S,'Summary Page'!AD25) -> 119.28 | AF25: =AE25-VLOOKUP(AC25,'Summary Page (2)'!$B$5:$K$14,9,FALSE) -> -2.4197531 | AG25: =COUNTIFS('Regular Season'!R:R,'Summary Page'!AC25,'Regular Season'!S:S,'Summary Page'!AD25) -> 11 | AH25: =AVERAGEIFS('Regular Season'!U:U,'Regular Season'!S:S,'Summary Page'!AC25,'Regular Season'!R:R,'Summary Page'!AD25) -> 95.355385 | AI25: =AH25-VLOOKUP(AC25,'Summary Page (2)'!$B$5:$K$14,10,FALSE) -> 0.47929766 | AJ25: =COUNTIFS('Regular Season'!R:R,'Summary Page'!AD25,'Regular Season'!S:S,'Summary Page'!AC25) -> 13 | AK25: =IFERROR(((AG25*AE25)+(AH25*AJ25))/SUM(AG25,AJ25),"") -> 106.32083 | AL25: =IFERROR(AK25-VLOOKUP(AC25,$B$5:$H$14,7,FALSE),"") -> -1.1143112 | AM25: =AVERAGEIFS('Regular Season'!T:T,'Regular Season'!R:R,'Summary Page'!AD25,'Regular Season'!S:S,'Summary Page'!AC25) -> 116.11692 | AN25: =AM25-VLOOKUP(AD25,'Summary Page (2)'!$B$5:$K$14,9,FALSE) -> -3.0711929 | AO25: =COUNTIFS('Regular Season'!R:R,'Summary Page'!AD25,'Regular Season'!S:S,'Summary Page'!AC25) -> 13 | AP25: =AVERAGEIFS('Regular Season'!U:U,'Regular Season'!S:S,'Summary Page'!AD25,'Regular Season'!R:R,'Summary Page'!AC25) -> 91.009091 | AQ25: =AP25-VLOOKUP(AD25,'Summary Page (2)'!$B$5:$K$14,10,FALSE) -> 0.46267581 | AR25: =COUNTIFS('Regular Season'!R:R,'Summary Page'!AC25,'Regular Season'!S:S,'Summary Page'!AD25) -> 11 | AS25: =IFERROR(((AO25*AM25)+(AP25*AR25))/SUM(AO25,AR25),"") -> 104.60917 | AT25: =IFERROR(AS25-VLOOKUP(AD25,$B$5:$H$14,7,FALSE),"") -> 2.7697381 | AU25: =AL25-AT25 -> -3.8840493 | AW25: 24 | AX25: Dave/Nolan | AY25: Graham/Michael | AZ25: 129.63778 | BA25: 7.1551462 | BB25: 9 | BC25: 90.705 | BD25: -5.6128378 | BE25: 8 | BF25: 111.31647 | BG25: 1.7418039 | BH25: 115.095 | BI25: -7.3319444 | BJ25: 8 | BK25: 99.268889 | BL25: 0.87196581 | BM25: 9 | BN25: 106.71647 | BO25: -3.2148627 | BP25: 4.9566667
B26: Trent/Colin | C26: =COUNTIF(Playoffs!O:O,'Summary Page'!B26) -> 12 | D26: =COUNTIF(Playoffs!P:P,'Summary Page'!B26) -> 9 | E26: =IFERROR(C26/SUM(C26:D26),"") -> 0.57142857 | F26: =SUMIF(Playoffs!O:O,'Summary Page'!B26,Playoffs!Q:Q)+SUMIF(Playoffs!P:P,'Summary Page'!B26,Playoffs!R:R) -> 2395.66 | G26: =COUNTIFS(Tables!C:C,'Summary Page'!B26,Tables!H:H,"Y") -> 10 | H26: =COUNTIFS(Tables!E:E,"1",Tables!C:C,'Summary Page'!B26) -> 3 | I26: =COUNTIFS(Tables!E:E,"1",Tables!C:C,'Summary Page'!B26)+COUNTIFS(Tables!E:E,"2",Tables!C:C,'Summary Page'!B26)+COUNTIFS(Tables!E:E,"3",Tables!C:C,'Summary Page'!B26)+COUNTIFS(Tables!E:E,"4",Tables!C:C,'Summary Page'!B26) -> 8 | M26: 9 | N26: =VLOOKUP(M13,'Regular Season'!D:U,15,FALSE) -> Clay/Ryan | O26: =VLOOKUP(M13,'Regular Season'!D:U,16,FALSE) -> Pat/Tucker | P26: =VLOOKUP(M13,'Regular Season'!D:U,5,FALSE) -> 2019 | Q26: =VLOOKUP(M13,'Regular Season'!D:U,6,FALSE) -> 1 | R26: =VLOOKUP(M13,'Regular Season'!D:U,14,FALSE) -> 86 | T26: 9 | U26: =VLOOKUP(T26,'Regular Season'!E:U,14,FALSE) -> Eric/Blake | V26: =VLOOKUP(T26,'Regular Season'!E:U,15,FALSE) -> Trent/Colin | W26: =VLOOKUP(T26,'Regular Season'!E:U,4,FALSE) -> 2018 | X26: =VLOOKUP(T26,'Regular Season'!E:U,5,FALSE) -> 7 | Y26: =VLOOKUP(T26,'Regular Season'!E:U,12,FALSE) -> 294.68 | AB26: 22 | AC26: Dave/Nolan | AD26: Drew/Cam | AE26: =AVERAGEIFS('Regular Season'!T:T,'Regular Season'!R:R,'Summary Page'!AC26,'Regular Season'!S:S,'Summary Page'!AD26) -> 121.7575 | AF26: =AE26-VLOOKUP(AC26,'Summary Page (2)'!$B$5:$K$14,9,FALSE) -> 0.057746914 | AG26: =COUNTIFS('Regular Season'!R:R,'Summary Page'!AC26,'Regular Season'!S:S,'Summary Page'!AD26) -> 8 | AH26: =AVERAGEIFS('Regular Season'!U:U,'Regular Season'!S:S,'Summary Page'!AC26,'Regular Season'!R:R,'Summary Page'!AD26) -> 86.154286 | AI26: =AH26-VLOOKUP(AC26,'Summary Page (2)'!$B$5:$K$14,10,FALSE) -> -8.7218012 | AJ26: =COUNTIFS('Regular Season'!R:R,'Summary Page'!AD26,'Regular Season'!S:S,'Summary Page'!AC26) -> 7 | AK26: =IFERROR(((AG26*AE26)+(AH26*AJ26))/SUM(AG26,AJ26),"") -> 105.14267 | AL26: =IFERROR(AK26-VLOOKUP(AC26,$B$5:$H$14,7,FALSE),"") -> -2.2924778 | AM26: =AVERAGEIFS('Regular Season'!T:T,'Regular Season'!R:R,'Summary Page'!AD26,'Regular Season'!S:S,'Summary Page'!AC26) -> 115.99429 | AN26: =AM26-VLOOKUP(AD26,'Summary Page (2)'!$B$5:$K$14,9,FALSE) -> 0.15404181 | AO26: =COUNTIFS('Regular Season'!R:R,'Summary Page'!AD26,'Regular Season'!S:S,'Summary Page'!AC26) -> 7 | AP26: =AVERAGEIFS('Regular Season'!U:U,'Regular Season'!S:S,'Summary Page'!AD26,'Regular Season'!R:R,'Summary Page'!AC26) -> 88.5475 | AQ26: =AP26-VLOOKUP(AD26,'Summary Page (2)'!$B$5:$K$14,10,FALSE) -> -4.3032609 | AR26: =COUNTIFS('Regular Season'!R:R,'Summary Page'!AC26,'Regular Season'!S:S,'Summary Page'!AD26) -> 8 | AS26: =IFERROR(((AO26*AM26)+(AP26*AR26))/SUM(AO26,AR26),"") -> 101.356 | AT26: =IFERROR(AS26-VLOOKUP(AD26,$B$5:$H$14,7,FALSE),"") -> -2.3288851 | AU26: =AL26-AT26 -> 0.036407215 | AW26: 77 | AX26: Trent/Colin | AY26: Drew/Cam | AZ26: 115.92125 | BA26: -5.1650421 | BB26: 16 | BC26: 90.24 | BD26: -4.5459016 | BE26: 5 | BF26: 109.80667 | BG26: -0.58413333 | BH26: 112.256 | BI26: -3.2886575 | BJ26: 5 | BK26: 93.7625 | BL26: 2.2336688 | BM26: 16 | BN26: 98.165714 | BO26: -5.050819 | BP26: 4.4666857
B27: Walker/Cory | C27: =COUNTIF(Playoffs!O:O,'Summary Page'!B27) -> 9 | D27: =COUNTIF(Playoffs!P:P,'Summary Page'!B27) -> 8 | E27: =IFERROR(C27/SUM(C27:D27),"") -> 0.52941176 | F27: =SUMIF(Playoffs!O:O,'Summary Page'!B27,Playoffs!Q:Q)+SUMIF(Playoffs!P:P,'Summary Page'!B27,Playoffs!R:R) -> 1857.02 | G27: =COUNTIFS(Tables!C:C,'Summary Page'!B27,Tables!H:H,"Y") -> 9 | H27: =COUNTIFS(Tables!E:E,"1",Tables!C:C,'Summary Page'!B27) -> 2 | I27: =COUNTIFS(Tables!E:E,"1",Tables!C:C,'Summary Page'!B27)+COUNTIFS(Tables!E:E,"2",Tables!C:C,'Summary Page'!B27)+COUNTIFS(Tables!E:E,"3",Tables!C:C,'Summary Page'!B27)+COUNTIFS(Tables!E:E,"4",Tables!C:C,'Summary Page'!B27) -> 5 | M27: 10 | N27: =VLOOKUP(M14,'Regular Season'!D:U,15,FALSE) -> Clay/Ryan | O27: =VLOOKUP(M14,'Regular Season'!D:U,16,FALSE) -> Graham/Michael | P27: =VLOOKUP(M14,'Regular Season'!D:U,5,FALSE) -> 2013 | Q27: =VLOOKUP(M14,'Regular Season'!D:U,6,FALSE) -> 2 | R27: =VLOOKUP(M14,'Regular Season'!D:U,14,FALSE) -> 84.5 | T27: 10 | U27: =VLOOKUP(T27,'Regular Season'!E:U,14,FALSE) -> Graham/Michael | V27: =VLOOKUP(T27,'Regular Season'!E:U,15,FALSE) -> Walker/Cory | W27: =VLOOKUP(T27,'Regular Season'!E:U,4,FALSE) -> 2019 | X27: =VLOOKUP(T27,'Regular Season'!E:U,5,FALSE) -> 3 | Y27: =VLOOKUP(T27,'Regular Season'!E:U,12,FALSE) -> 292.74 | AB27: 23 | AC27: Dave/Nolan | AD27: Eric/Blake | AE27: =AVERAGEIFS('Regular Season'!T:T,'Regular Season'!R:R,'Summary Page'!AC27,'Regular Season'!S:S,'Summary Page'!AD27) -> 126.67818 | AF27: =AE27-VLOOKUP(AC27,'Summary Page (2)'!$B$5:$K$14,9,FALSE) -> 4.9784287 | AG27: =COUNTIFS('Regular Season'!R:R,'Summary Page'!AC27,'Regular Season'!S:S,'Summary Page'!AD27) -> 11 | AH27: =AVERAGEIFS('Regular Season'!U:U,'Regular Season'!S:S,'Summary Page'!AC27,'Regular Season'!R:R,'Summary Page'!AD27) -> 100.96833 | AI27: =AH27-VLOOKUP(AC27,'Summary Page (2)'!$B$5:$K$14,10,FALSE) -> 6.0922464 | AJ27: =COUNTIFS('Regular Season'!R:R,'Summary Page'!AD27,'Regular Season'!S:S,'Summary Page'!AC27) -> 12 | AK27: =IFERROR(((AG27*AE27)+(AH27*AJ27))/SUM(AG27,AJ27),"") -> 113.26435 | AL27: =IFERROR(AK27-VLOOKUP(AC27,$B$5:$H$14,7,FALSE),"") -> 5.8292033 | AM27: =AVERAGEIFS('Regular Season'!T:T,'Regular Season'!R:R,'Summary Page'!AD27,'Regular Season'!S:S,'Summary Page'!AC27) -> 129.83667 | AN27: =AM27-VLOOKUP(AD27,'Summary Page (2)'!$B$5:$K$14,9,FALSE) -> 7.4940293 | AO27: =COUNTIFS('Regular Season'!R:R,'Summary Page'!AD27,'Regular Season'!S:S,'Summary Page'!AC27) -> 12 | AP27: =AVERAGEIFS('Regular Season'!U:U,'Regular Season'!S:S,'Summary Page'!AD27,'Regular Season'!R:R,'Summary Page'!AC27) -> 92.761818 | AQ27: =AP27-VLOOKUP(AD27,'Summary Page (2)'!$B$5:$K$14,10,FALSE) -> -3.6381818 | AR27: =COUNTIFS('Regular Season'!R:R,'Summary Page'!AC27,'Regular Season'!S:S,'Summary Page'!AD27) -> 11 | AS27: =IFERROR(((AO27*AM27)+(AP27*AR27))/SUM(AO27,AR27),"") -> 112.10522 | AT27: =IFERROR(AS27-VLOOKUP(AD27,$B$5:$H$14,7,FALSE),"") -> 2.1375162 | AU27: =AL27-AT27 -> 3.6916871 | AW27: 32 | AX27: David/Marshall | AY27: Eric/Blake | AZ27: 115.28571 | BA27: -2.5775 | BB27: 7 | BC27: 94.569091 | BD27: 3.6733462 | BE27: 11 | BF27: 102.62556 | BG27: 1.6619556 | BH27: 121.03455 | BI27: -1.3598849 | BJ27: 11 | BK27: 87.205714 | BL27: -9.837666 | BM27: 7 | BN27: 107.87889 | BO27: -2.5160444 | BP27: 4.178
AB28: 24 | AC28: Dave/Nolan | AD28: Graham/Michael | AE28: =AVERAGEIFS('Regular Season'!T:T,'Regular Season'!R:R,'Summary Page'!AC28,'Regular Season'!S:S,'Summary Page'!AD28) -> 126.326 | AF28: =AE28-VLOOKUP(AC28,'Summary Page (2)'!$B$5:$K$14,9,FALSE) -> 4.6262469 | AG28: =COUNTIFS('Regular Season'!R:R,'Summary Page'!AC28,'Regular Season'!S:S,'Summary Page'!AD28) -> 10 | AH28: =AVERAGEIFS('Regular Season'!U:U,'Regular Season'!S:S,'Summary Page'!AC28,'Regular Season'!R:R,'Summary Page'!AD28) -> 89.966 | AI28: =AH28-VLOOKUP(AC28,'Summary Page (2)'!$B$5:$K$14,10,FALSE) -> -4.910087 | AJ28: =COUNTIFS('Regular Season'!R:R,'Summary Page'!AD28,'Regular Season'!S:S,'Summary Page'!AC28) -> 10 | AK28: =IFERROR(((AG28*AE28)+(AH28*AJ28))/SUM(AG28,AJ28),"") -> 108.146 | AL28: =IFERROR(AK28-VLOOKUP(AC28,$B$5:$H$14,7,FALSE),"") -> 0.71085549 | AM28: =AVERAGEIFS('Regular Season'!T:T,'Regular Season'!R:R,'Summary Page'!AD28,'Regular Season'!S:S,'Summary Page'!AC28) -> 119.586 | AN28: =AM28-VLOOKUP(AD28,'Summary Page (2)'!$B$5:$K$14,9,FALSE) -> -5.5726667 | AO28: =COUNTIFS('Regular Season'!R:R,'Summary Page'!AD28,'Regular Season'!S:S,'Summary Page'!AC28) -> 10 | AP28: =AVERAGEIFS('Regular Season'!U:U,'Regular Season'!S:S,'Summary Page'!AD28,'Regular Season'!R:R,'Summary Page'!AC28) -> 97.686 | AQ28: =AP28-VLOOKUP(AD28,'Summary Page (2)'!$B$5:$K$14,10,FALSE) -> -1.2611429 | AR28: =COUNTIFS('Regular Season'!R:R,'Summary Page'!AC28,'Regular Season'!S:S,'Summary Page'!AD28) -> 10 | AS28: =IFERROR(((AO28*AM28)+(AP28*AR28))/SUM(AO28,AR28),"") -> 108.636 | AT28: =IFERROR(AS28-VLOOKUP(AD28,$B$5:$H$14,7,FALSE),"") -> -3.8688276 | AU28: =AL28-AT28 -> 4.5796831 | AW28: 30 | AX28: David/Marshall | AY28: Dave/Nolan | AZ28: 114.77273 | BA28: -3.090487 | BB28: 11 | BC28: 89.136 | BD28: -1.7597447 | BE28: 10 | BF28: 102.56476 | BG28: 1.6011619 | BH28: 119.828 | BI28: -2.6546316 | BJ28: 10 | BK28: 95.723636 | BL28: -0.59420147 | BM28: 11 | BN28: 107.2019 | BO28: -2.3727619 | BP28: 3.9739238
AB29: 25 | AC29: Dave/Nolan | AD29: Pat/Tucker | AE29: =AVERAGEIFS('Regular Season'!T:T,'Regular Season'!R:R,'Summary Page'!AC29,'Regular Season'!S:S,'Summary Page'!AD29) -> 108.73333 | AF29: =AE29-VLOOKUP(AC29,'Summary Page (2)'!$B$5:$K$14,9,FALSE) -> -12.96642 | AG29: =COUNTIFS('Regular Season'!R:R,'Summary Page'!AC29,'Regular Season'!S:S,'Summary Page'!AD29) -> 9 | AH29: =AVERAGEIFS('Regular Season'!U:U,'Regular Season'!S:S,'Summary Page'!AC29,'Regular Season'!R:R,'Summary Page'!AD29) -> 94.25 | AI29: =AH29-VLOOKUP(AC29,'Summary Page (2)'!$B$5:$K$14,10,FALSE) -> -0.62608696 | AJ29: =COUNTIFS('Regular Season'!R:R,'Summary Page'!AD29,'Regular Season'!S:S,'Summary Page'!AC29) -> 10 | AK29: =IFERROR(((AG29*AE29)+(AH29*AJ29))/SUM(AG29,AJ29),"") -> 101.11053 | AL29: =IFERROR(AK29-VLOOKUP(AC29,$B$5:$H$14,7,FALSE),"") -> -6.3246182 | AM29: =AVERAGEIFS('Regular Season'!T:T,'Regular Season'!R:R,'Summary Page'!AD29,'Regular Season'!S:S,'Summary Page'!AC29) -> 128.448 | AN29: =AM29-VLOOKUP(AD29,'Summary Page (2)'!$B$5:$K$14,9,FALSE) -> 8.005619 | AO29: =COUNTIFS('Regular Season'!R:R,'Summary Page'!AD29,'Regular Season'!S:S,'Summary Page'!AC29) -> 10 | AP29: =AVERAGEIFS('Regular Season'!U:U,'Regular Season'!S:S,'Summary Page'!AD29,'Regular Season'!R:R,'Summary Page'!AC29) -> 86.457778 | AQ29: =AP29-VLOOKUP(AD29,'Summary Page (2)'!$B$5:$K$14,10,FALSE) -> -8.047904 | AR29: =COUNTIFS('Regular Season'!R:R,'Summary Page'!AC29,'Regular Season'!S:S,'Summary Page'!AD29) -> 9 | AS29: =IFERROR(((AO29*AM29)+(AP29*AR29))/SUM(AO29,AR29),"") -> 108.55789 | AT29: =IFERROR(AS29-VLOOKUP(AD29,$B$5:$H$14,7,FALSE),"") -> 1.3854529 | AU29: =AL29-AT29 -> -7.7100711 | AW29: 18 | AX29: Clay/Ryan | AY29: Walker/Cory | AZ29: 119.69833 | BA29: 0.71985232 | BB29: 12 | BC29: 96.411111 | BD29: 3.5891393 | BE29: 9 | BF29: 109.7181 | BG29: 3.1203619 | BH29: 123.40889 | BI29: 5.8223035 | BJ29: 9 | BK29: 92.13 | BL29: -0.59352941 | BM29: 12 | BN29: 105.53524 | BO29: -0.78009524 | BP29: 3.9004571
B30: Select Owner --> | D30: Graham/Michael | AB30: 26 | AC30: Dave/Nolan | AD30: Trent/Colin | AE30: =AVERAGEIFS('Regular Season'!T:T,'Regular Season'!R:R,'Summary Page'!AC30,'Regular Season'!S:S,'Summary Page'!AD30) -> 117.58 | AF30: =AE30-VLOOKUP(AC30,'Summary Page (2)'!$B$5:$K$14,9,FALSE) -> -4.1197531 | AG30: =COUNTIFS('Regular Season'!R:R,'Summary Page'!AC30,'Regular Season'!S:S,'Summary Page'!AD30) -> 4 | AH30: =AVERAGEIFS('Regular Season'!U:U,'Regular Season'!S:S,'Summary Page'!AC30,'Regular Season'!R:R,'Summary Page'!AD30) -> 94.725 | AI30: =AH30-VLOOKUP(AC30,'Summary Page (2)'!$B$5:$K$14,10,FALSE) -> -0.15108696 | AJ30: =COUNTIFS('Regular Season'!R:R,'Summary Page'!AD30,'Regular Season'!S:S,'Summary Page'!AC30) -> 8 | AK30: =IFERROR(((AG30*AE30)+(AH30*AJ30))/SUM(AG30,AJ30),"") -> 102.34333 | AL30: =IFERROR(AK30-VLOOKUP(AC30,$B$5:$H$14,7,FALSE),"") -> -5.0918112 | AM30: =AVERAGEIFS('Regular Season'!T:T,'Regular Season'!R:R,'Summary Page'!AD30,'Regular Season'!S:S,'Summary Page'!AC30) -> 115.9575 | AN30: =AM30-VLOOKUP(AD30,'Summary Page (2)'!$B$5:$K$14,9,FALSE) -> -4.7987745 | AO30: =COUNTIFS('Regular Season'!R:R,'Summary Page'!AD30,'Regular Season'!S:S,'Summary Page'!AC30) -> 8 | AP30: =AVERAGEIFS('Regular Season'!U:U,'Regular Season'!S:S,'Summary Page'!AD30,'Regular Season'!R:R,'Summary Page'!AC30) -> 86.71 | AQ30: =AP30-VLOOKUP(AD30,'Summary Page (2)'!$B$5:$K$14,10,FALSE) -> -9.9824324 | AR30: =COUNTIFS('Regular Season'!R:R,'Summary Page'!AC30,'Regular Season'!S:S,'Summary Page'!AD30) -> 4 | AS30: =IFERROR(((AO30*AM30)+(AP30*AR30))/SUM(AO30,AR30),"") -> 106.20833 | AT30: =IFERROR(AS30-VLOOKUP(AD30,$B$5:$H$14,7,FALSE),"") -> -4.4301894 | AU30: =AL30-AT30 -> -0.66162178 | AW30: 11 | AX30: Clay/Ryan | AY30: Dave/Nolan | AZ30: 124.1425 | BA30: 5.164019 | BB30: 8 | BC30: 94.696 | BD30: 1.8740282 | BE30: 10 | BF30: 107.78333 | BG30: 1.1856 | BH30: 118.03 | BI30: -4.4526316 | BJ30: 10 | BK30: 93.665 | BL30: -2.6528378 | BM30: 8 | BN30: 107.20111 | BO30: -2.3735556 | BP30: 3.5591556
AB31: 27 | AC31: Dave/Nolan | AD31: Walker/Cory | AE31: =AVERAGEIFS('Regular Season'!T:T,'Regular Season'!R:R,'Summary Page'!AC31,'Regular Season'!S:S,'Summary Page'!AD31) -> 134.454 | AF31: =AE31-VLOOKUP(AC31,'Summary Page (2)'!$B$5:$K$14,9,FALSE) -> 12.754247 | AG31: =COUNTIFS('Regular Season'!R:R,'Summary Page'!AC31,'Regular Season'!S:S,'Summary Page'!AD31) -> 10 | AH31: =AVERAGEIFS('Regular Season'!U:U,'Regular Season'!S:S,'Summary Page'!AC31,'Regular Season'!R:R,'Summary Page'!AD31) -> 97.37375 | AI31: =AH31-VLOOKUP(AC31,'Summary Page (2)'!$B$5:$K$14,10,FALSE) -> 2.497663 | AJ31: =COUNTIFS('Regular Season'!R:R,'Summary Page'!AD31,'Regular Season'!S:S,'Summary Page'!AC31) -> 16 | AK31: =IFERROR(((AG31*AE31)+(AH31*AJ31))/SUM(AG31,AJ31),"") -> 111.63538 | AL31: =IFERROR(AK31-VLOOKUP(AC31,$B$5:$H$14,7,FALSE),"") -> 4.2002401 | AM31: =AVERAGEIFS('Regular Season'!T:T,'Regular Season'!R:R,'Summary Page'!AD31,'Regular Season'!S:S,'Summary Page'!AC31) -> 114.71875 | AN31: =AM31-VLOOKUP(AD31,'Summary Page (2)'!$B$5:$K$14,9,FALSE) -> -1.3590761 | AO31: =COUNTIFS('Regular Season'!R:R,'Summary Page'!AD31,'Regular Season'!S:S,'Summary Page'!AC31) -> 16 | AP31: =AVERAGEIFS('Regular Season'!U:U,'Regular Season'!S:S,'Summary Page'!AD31,'Regular Season'!R:R,'Summary Page'!AC31) -> 91.804 | AQ31: =AP31-VLOOKUP(AD31,'Summary Page (2)'!$B$5:$K$14,10,FALSE) -> -2.9662439 | AR31: =COUNTIFS('Regular Season'!R:R,'Summary Page'!AC31,'Regular Season'!S:S,'Summary Page'!AD31) -> 10 | AS31: =IFERROR(((AO31*AM31)+(AP31*AR31))/SUM(AO31,AR31),"") -> 105.90538 | AT31: =IFERROR(AS31-VLOOKUP(AD31,$B$5:$H$14,7,FALSE),"") -> -0.13093722 | AU31: =AL31-AT31 -> 4.3311773 | AW31: 58 | AX31: Graham/Michael | AY31: David/Marshall | AZ31: 112.1475 | BA31: -10.279444 | BB31: 8 | BC31: 95.333333 | BD31: -3.0635897 | BE31: 3 | BF31: 107.56182 | BG31: -2.3695152 | BH31: 107.5 | BI31: -10.363214 | BJ31: 3 | BK31: 90.7675 | BL31: -0.12824468 | BM31: 8 | BN31: 95.330909 | BO31: -5.6326909 | BP31: 3.2631758
B32: Head to Head Records | C32: Regular Season | F32: Playoffs | I32: Overall | AB32: 28 | AC32: David/Marshall | AD32: Brian/Travis | AE32: =AVERAGEIFS('Regular Season'!T:T,'Regular Season'!R:R,'Summary Page'!AC32,'Regular Season'!S:S,'Summary Page'!AD32) -> 116.73333 | AF32: =AE32-VLOOKUP(AC32,'Summary Page (2)'!$B$5:$K$14,9,FALSE) -> -2.4547826 | AG32: =COUNTIFS('Regular Season'!R:R,'Summary Page'!AC32,'Regular Season'!S:S,'Summary Page'!AD32) -> 9 | AH32: =AVERAGEIFS('Regular Season'!U:U,'Regular Season'!S:S,'Summary Page'!AC32,'Regular Season'!R:R,'Summary Page'!AD32) -> 92.364 | AI32: =AH32-VLOOKUP(AC32,'Summary Page (2)'!$B$5:$K$14,10,FALSE) -> 1.8175849 | AJ32: =COUNTIFS('Regular Season'!R:R,'Summary Page'!AD32,'Regular Season'!S:S,'Summary Page'!AC32) -> 10 | AK32: =IFERROR(((AG32*AE32)+(AH32*AJ32))/SUM(AG32,AJ32),"") -> 103.90737 | AL32: =IFERROR(AK32-VLOOKUP(AC32,$B$5:$H$14,7,FALSE),"") -> 2.0679398 | AM32: =AVERAGEIFS('Regular Season'!T:T,'Regular Season'!R:R,'Summary Page'!AD32,'Regular Season'!S:S,'Summary Page'!AC32) -> 112.822 | AN32: =AM32-VLOOKUP(AD32,'Summary Page (2)'!$B$5:$K$14,9,FALSE) -> -5.1149767 | AO32: =COUNTIFS('Regular Season'!R:R,'Summary Page'!AD32,'Regular Season'!S:S,'Summary Page'!AC32) -> 10 | AP32: =AVERAGEIFS('Regular Season'!U:U,'Regular Season'!S:S,'Summary Page'!AD32,'Regular Season'!R:R,'Summary Page'!AC32) -> 98.668889 | AQ32: =AP32-VLOOKUP(AD32,'Summary Page (2)'!$B$5:$K$14,10,FALSE) -> 4.5757071 | AR32: =COUNTIFS('Regular Season'!R:R,'Summary Page'!AC32,'Regular Season'!S:S,'Summary Page'!AD32) -> 9 | AS32: =IFERROR(((AO32*AM32)+(AP32*AR32))/SUM(AO32,AR32),"") -> 106.11789 | AT32: =IFERROR(AS32-VLOOKUP(AD32,$B$5:$H$14,7,FALSE),"") -> 0.23984876 | AU32: =AL32-AT32 -> 1.8280911 | AW32: 76 | AX32: Trent/Colin | AY32: David/Marshall | AZ32: 124.09455 | BA32: 3.0082533 | BB32: 11 | BC32: 93.772 | BD32: -1.0139016 | BE32: 5 | BF32: 114.61875 | BG32: 4.22795 | BH32: 119.256 | BI32: 1.3927857 | BJ32: 5 | BK32: 94.092727 | BL32: 3.1969826 | BM32: 11 | BN32: 101.95625 | BO32: 0.99265 | BP32: 3.2353
B33: Opponent | C33: Wins | D33: Losses | E33: Pct | F33: Wins | G33: Losses | H33: Pct | I33: Wins | J33: Losses | K33: Pct | AB33: 29 | AC33: David/Marshall | AD33: Clay/Ryan | AE33: =AVERAGEIFS('Regular Season'!T:T,'Regular Season'!R:R,'Summary Page'!AC33,'Regular Season'!S:S,'Summary Page'!AD33) -> 129.025 | AF33: =AE33-VLOOKUP(AC33,'Summary Page (2)'!$B$5:$K$14,9,FALSE) -> 9.8368841 | AG33: =COUNTIFS('Regular Season'!R:R,'Summary Page'!AC33,'Regular Season'!S:S,'Summary Page'!AD33) -> 8 | AH33: =AVERAGEIFS('Regular Season'!U:U,'Regular Season'!S:S,'Summary Page'!AC33,'Regular Season'!R:R,'Summary Page'!AD33) -> 93.478667 | AI33: =AH33-VLOOKUP(AC33,'Summary Page (2)'!$B$5:$K$14,10,FALSE) -> 2.9322516 | AJ33: =COUNTIFS('Regular Season'!R:R,'Summary Page'!AD33,'Regular Season'!S:S,'Summary Page'!AC33) -> 15 | AK33: =IFERROR(((AG33*AE33)+(AH33*AJ33))/SUM(AG33,AJ33),"") -> 105.84261 | AL33: =IFERROR(AK33-VLOOKUP(AC33,$B$5:$H$14,7,FALSE),"") -> 4.0031801 | AM33: =AVERAGEIFS('Regular Season'!T:T,'Regular Season'!R:R,'Summary Page'!AD33,'Regular Season'!S:S,'Summary Page'!AC33) -> 116.824 | AN33: =AM33-VLOOKUP(AD33,'Summary Page (2)'!$B$5:$K$14,9,FALSE) -> -2.6495484 | AO33: =COUNTIFS('Regular Season'!R:R,'Summary Page'!AD33,'Regular Season'!S:S,'Summary Page'!AC33) -> 15 | AP33: =AVERAGEIFS('Regular Season'!U:U,'Regular Season'!S:S,'Summary Page'!AD33,'Regular Season'!R:R,'Summary Page'!AC33) -> 96.59 | AQ33: =AP33-VLOOKUP(AD33,'Summary Page (2)'!$B$5:$K$14,10,FALSE) -> 3.5166667 | AR33: =COUNTIFS('Regular Season'!R:R,'Summary Page'!AC33,'Regular Season'!S:S,'Summary Page'!AD33) -> 8 | AS33: =IFERROR(((AO33*AM33)+(AP33*AR33))/SUM(AO33,AR33),"") -> 109.78609 | AT33: =IFERROR(AS33-VLOOKUP(AD33,$B$5:$H$14,7,FALSE),"") -> 2.6022939 | AU33: =AL33-AT33 -> 1.4008863 | AW33: 13 | AX33: Clay/Ryan | AY33: Drew/Cam | AZ33: 117.834 | BA33: -1.144481 | BB33: 10 | BC33: 101.12 | BD33: 8.2980282 | BE33: 6 | BF33: 111.56625 | BG33: 4.9685167 | BH33: 125.35 | BI33: 9.8053425 | BJ33: 6 | BK33: 92.842 | BL33: 1.3131688 | BM33: 10 | BN33: 105.0325 | BO33: 1.8159667 | BP33: 3.15255
B34: Brian/Travis | C34: =COUNTIFS('Regular Season'!R:R,'Summary Page'!$D$30,'Regular Season'!S:S,'Summary Page'!B34) -> 11 | D34: =COUNTIFS('Regular Season'!S:S,'Summary Page'!$D$30,'Regular Season'!R:R,'Summary Page'!B34) -> 9 | E34: =IFERROR(C34/SUM(C34:D34),"") -> 0.55 | F34: =COUNTIFS(Playoffs!O:O,'Summary Page'!$D$30,Playoffs!P:P,'Summary Page'!B34) -> 1 | G34: =COUNTIFS(Playoffs!P:P,'Summary Page'!$D$30,Playoffs!O:O,'Summary Page'!B34) -> 1 | H34: =IFERROR(F34/SUM(F34:G34),"") -> 0.5 | I34: =C34+F34 -> 12 | J34: =D34+G34 -> 10 | K34: =IFERROR(I34/SUM(I34:J34),"") -> 0.54545455 | AB34: 30 | AC34: David/Marshall | AD34: Dave/Nolan | AE34: =AVERAGEIFS('Regular Season'!T:T,'Regular Season'!R:R,'Summary Page'!AC34,'Regular Season'!S:S,'Summary Page'!AD34) -> 116.11692 | AF34: =AE34-VLOOKUP(AC34,'Summary Page (2)'!$B$5:$K$14,9,FALSE) -> -3.0711929 | AG34: =COUNTIFS('Regular Season'!R:R,'Summary Page'!AC34,'Regular Season'!S:S,'Summary Page'!AD34) -> 13 | AH34: =AVERAGEIFS('Regular Season'!U:U,'Regular Season'!S:S,'Summary Page'!AC34,'Regular Season'!R:R,'Summary Page'!AD34) -> 91.009091 | AI34: =AH34-VLOOKUP(AC34,'Summary Page (2)'!$B$5:$K$14,10,FALSE) -> 0.46267581 | AJ34: =COUNTIFS('Regular Season'!R:R,'Summary Page'!AD34,'Regular Season'!S:S,'Summary Page'!AC34) -> 11 | AK34: =IFERROR(((AG34*AE34)+(AH34*AJ34))/SUM(AG34,AJ34),"") -> 104.60917 | AL34: =IFERROR(AK34-VLOOKUP(AC34,$B$5:$H$14,7,FALSE),"") -> 2.7697381 | AM34: =AVERAGEIFS('Regular Season'!T:T,'Regular Season'!R:R,'Summary Page'!AD34,'Regular Season'!S:S,'Summary Page'!AC34) -> 119.28 | AN34: =AM34-VLOOKUP(AD34,'Summary Page (2)'!$B$5:$K$14,9,FALSE) -> -2.4197531 | AO34: =COUNTIFS('Regular Season'!R:R,'Summary Page'!AD34,'Regular Season'!S:S,'Summary Page'!AC34) -> 11 | AP34: =AVERAGEIFS('Regular Season'!U:U,'Regular Season'!S:S,'Summary Page'!AD34,'Regular Season'!R:R,'Summary Page'!AC34) -> 95.355385 | AQ34: =AP34-VLOOKUP(AD34,'Summary Page (2)'!$B$5:$K$14,10,FALSE) -> 0.47929766 | AR34: =COUNTIFS('Regular Season'!R:R,'Summary Page'!AC34,'Regular Season'!S:S,'Summary Page'!AD34) -> 13 | AS34: =IFERROR(((AO34*AM34)+(AP34*AR34))/SUM(AO34,AR34),"") -> 106.32083 | AT34: =IFERROR(AS34-VLOOKUP(AD34,$B$5:$H$14,7,FALSE),"") -> -1.1143112 | AU34: =AL34-AT34 -> 3.8840493 | AW34: 27 | AX34: Dave/Nolan | AY34: Walker/Cory | AZ34: 137.39111 | BA34: 14.90848 | BB34: 9 | BC34: 97.64 | BD34: 1.3221622 | BE34: 14 | BF34: 113.19478 | BG34: 3.6201159 | BH34: 116.68857 | BI34: -0.89801394 | BJ34: 14 | BK34: 91.495556 | BL34: -1.2279739 | BM34: 9 | BN34: 106.83043 | BO34: 0.51510145 | BP34: 3.1050145
B35: Clay/Ryan | C35: =COUNTIFS('Regular Season'!R:R,'Summary Page'!$D$30,'Regular Season'!S:S,'Summary Page'!B35) -> 10 | D35: =COUNTIFS('Regular Season'!S:S,'Summary Page'!$D$30,'Regular Season'!R:R,'Summary Page'!B35) -> 6 | E35: =IFERROR(C35/SUM(C35:D35),"") -> 0.625 | F35: =COUNTIFS(Playoffs!O:O,'Summary Page'!$D$30,Playoffs!P:P,'Summary Page'!B35) -> 1 | G35: =COUNTIFS(Playoffs!P:P,'Summary Page'!$D$30,Playoffs!O:O,'Summary Page'!B35) -> 2 | H35: =IFERROR(F35/SUM(F35:G35),"") -> 0.33333333 | I35: =C35+F35 -> 11 | J35: =D35+G35 -> 8 | K35: =IFERROR(I35/SUM(I35:J35),"") -> 0.57894737 | AB35: 31 | AC35: David/Marshall | AD35: Drew/Cam | AE35: =AVERAGEIFS('Regular Season'!T:T,'Regular Season'!R:R,'Summary Page'!AC35,'Regular Season'!S:S,'Summary Page'!AD35) -> 119.52 | AF35: =AE35-VLOOKUP(AC35,'Summary Page (2)'!$B$5:$K$14,9,FALSE) -> 0.33188406 | AG35: =COUNTIFS('Regular Season'!R:R,'Summary Page'!AC35,'Regular Season'!S:S,'Summary Page'!AD35) -> 7 | AH35: =AVERAGEIFS('Regular Season'!U:U,'Regular Season'!S:S,'Summary Page'!AC35,'Regular Season'!R:R,'Summary Page'!AD35) -> 79.804615 | AI35: =AH35-VLOOKUP(AC35,'Summary Page (2)'!$B$5:$K$14,10,FALSE) -> -10.7418 | AJ35: =COUNTIFS('Regular Season'!R:R,'Summary Page'!AD35,'Regular Season'!S:S,'Summary Page'!AC35) -> 13 | AK35: =IFERROR(((AG35*AE35)+(AH35*AJ35))/SUM(AG35,AJ35),"") -> 93.705 | AL35: =IFERROR(AK35-VLOOKUP(AC35,$B$5:$H$14,7,FALSE),"") -> -8.1344286 | AM35: =AVERAGEIFS('Regular Season'!T:T,'Regular Season'!R:R,'Summary Page'!AD35,'Regular Season'!S:S,'Summary Page'!AC35) -> 99.867692 | AN35: =AM35-VLOOKUP(AD35,'Summary Page (2)'!$B$5:$K$14,9,FALSE) -> -15.972552 | AO35: =COUNTIFS('Regular Season'!R:R,'Summary Page'!AD35,'Regular Season'!S:S,'Summary Page'!AC35) -> 13 | AP35: =AVERAGEIFS('Regular Season'!U:U,'Regular Season'!S:S,'Summary Page'!AD35,'Regular Season'!R:R,'Summary Page'!AC35) -> 96.105714 | AQ35: =AP35-VLOOKUP(AD35,'Summary Page (2)'!$B$5:$K$14,10,FALSE) -> 3.2549534 | AR35: =COUNTIFS('Regular Season'!R:R,'Summary Page'!AC35,'Regular Season'!S:S,'Summary Page'!AD35) -> 7 | AS35: =IFERROR(((AO35*AM35)+(AP35*AR35))/SUM(AO35,AR35),"") -> 98.551 | AT35: =IFERROR(AS35-VLOOKUP(AD35,$B$5:$H$14,7,FALSE),"") -> -5.1338851 | AU35: =AL35-AT35 -> -3.0005435 | AW35: 75 | AX35: Trent/Colin | AY35: Dave/Nolan | AZ35: 119.37143 | BA35: -1.7148636 | BB35: 7 | BC35: 86.71 | BD35: -8.0759016 | BE35: 4 | BF35: 107.49455 | BG35: -2.8962545 | BH35: 117.58 | BI35: -4.9026316 | BJ35: 4 | BK35: 96.791429 | BL35: 0.47359073 | BM35: 7 | BN35: 104.35091 | BO35: -5.2237576 | BP35: 2.327503
B36: Dave/Nolan | C36: =COUNTIFS('Regular Season'!R:R,'Summary Page'!$D$30,'Regular Season'!S:S,'Summary Page'!B36) -> 10 | D36: =COUNTIFS('Regular Season'!S:S,'Summary Page'!$D$30,'Regular Season'!R:R,'Summary Page'!B36) -> 10 | E36: =IFERROR(C36/SUM(C36:D36),"") -> 0.5 | F36: =COUNTIFS(Playoffs!O:O,'Summary Page'!$D$30,Playoffs!P:P,'Summary Page'!B36) -> 1 | G36: =COUNTIFS(Playoffs!P:P,'Summary Page'!$D$30,Playoffs!O:O,'Summary Page'!B36) -> 1 | H36: =IFERROR(F36/SUM(F36:G36),"") -> 0.5 | I36: =C36+F36 -> 11 | J36: =D36+G36 -> 11 | K36: =IFERROR(I36/SUM(I36:J36),"") -> 0.5 | AB36: 32 | AC36: David/Marshall | AD36: Eric/Blake | AE36: =AVERAGEIFS('Regular Season'!T:T,'Regular Season'!R:R,'Summary Page'!AC36,'Regular Season'!S:S,'Summary Page'!AD36) -> 115.4475 | AF36: =AE36-VLOOKUP(AC36,'Summary Page (2)'!$B$5:$K$14,9,FALSE) -> -3.7406159 | AG36: =COUNTIFS('Regular Season'!R:R,'Summary Page'!AC36,'Regular Season'!S:S,'Summary Page'!AD36) -> 8 | AH36: =AVERAGEIFS('Regular Season'!U:U,'Regular Season'!S:S,'Summary Page'!AC36,'Regular Season'!R:R,'Summary Page'!AD36) -> 94.175 | AI36: =AH36-VLOOKUP(AC36,'Summary Page (2)'!$B$5:$K$14,10,FALSE) -> 3.6285849 | AJ36: =COUNTIFS('Regular Season'!R:R,'Summary Page'!AD36,'Regular Season'!S:S,'Summary Page'!AC36) -> 12 | AK36: =IFERROR(((AG36*AE36)+(AH36*AJ36))/SUM(AG36,AJ36),"") -> 102.684 | AL36: =IFERROR(AK36-VLOOKUP(AC36,$B$5:$H$14,7,FALSE),"") -> 0.84457143 | AM36: =AVERAGEIFS('Regular Season'!T:T,'Regular Season'!R:R,'Summary Page'!AD36,'Regular Season'!S:S,'Summary Page'!AC36) -> 119.535 | AN36: =AM36-VLOOKUP(AD36,'Summary Page (2)'!$B$5:$K$14,9,FALSE) -> -2.8076374 | AO36: =COUNTIFS('Regular Season'!R:R,'Summary Page'!AD36,'Regular Season'!S:S,'Summary Page'!AC36) -> 12 | AP36: =AVERAGEIFS('Regular Season'!U:U,'Regular Season'!S:S,'Summary Page'!AD36,'Regular Season'!R:R,'Summary Page'!AC36) -> 85.4975 | AQ36: =AP36-VLOOKUP(AD36,'Summary Page (2)'!$B$5:$K$14,10,FALSE) -> -10.9025 | AR36: =COUNTIFS('Regular Season'!R:R,'Summary Page'!AC36,'Regular Season'!S:S,'Summary Page'!AD36) -> 8 | AS36: =IFERROR(((AO36*AM36)+(AP36*AR36))/SUM(AO36,AR36),"") -> 105.92 | AT36: =IFERROR(AS36-VLOOKUP(AD36,$B$5:$H$14,7,FALSE),"") -> -4.0477011 | AU36: =AL36-AT36 -> 4.8922726 | AW36: 55 | AX36: Graham/Michael | AY36: Brian/Travis | AZ36: 126.862 | BA36: 4.4350556 | BB36: 10 | BC36: 92.5875 | BD36: -5.8094231 | BE36: 8 | BF36: 111.62889 | BG36: 1.6975556 | BH36: 114.4625 | BI36: -2.6389286 | BJ36: 8 | BK36: 95.578 | BL36: 2.013 | BM36: 10 | BN36: 103.97111 | BO36: -0.57755556 | BP36: 2.2751111
B37: David/Marshall | C37: =COUNTIFS('Regular Season'!R:R,'Summary Page'!$D$30,'Regular Season'!S:S,'Summary Page'!B37) -> 9 | D37: =COUNTIFS('Regular Season'!S:S,'Summary Page'!$D$30,'Regular Season'!R:R,'Summary Page'!B37) -> 4 | E37: =IFERROR(C37/SUM(C37:D37),"") -> 0.69230769 | F37: =COUNTIFS(Playoffs!O:O,'Summary Page'!$D$30,Playoffs!P:P,'Summary Page'!B37) -> 0 | G37: =COUNTIFS(Playoffs!P:P,'Summary Page'!$D$30,Playoffs!O:O,'Summary Page'!B37) -> 0 | H37: =IFERROR(F37/SUM(F37:G37),"") | I37: =C37+F37 -> 9 | J37: =D37+G37 -> 4 | K37: =IFERROR(I37/SUM(I37:J37),"") -> 0.69230769 | AB37: 33 | AC37: David/Marshall | AD37: Graham/Michael | AE37: =AVERAGEIFS('Regular Season'!T:T,'Regular Season'!R:R,'Summary Page'!AC37,'Regular Season'!S:S,'Summary Page'!AD37) -> 110.25 | AF37: =AE37-VLOOKUP(AC37,'Summary Page (2)'!$B$5:$K$14,9,FALSE) -> -8.9381159 | AG37: =COUNTIFS('Regular Season'!R:R,'Summary Page'!AC37,'Regular Season'!S:S,'Summary Page'!AD37) -> 4 | AH37: =AVERAGEIFS('Regular Season'!U:U,'Regular Season'!S:S,'Summary Page'!AC37,'Regular Season'!R:R,'Summary Page'!AD37) -> 87.584444 | AI37: =AH37-VLOOKUP(AC37,'Summary Page (2)'!$B$5:$K$14,10,FALSE) -> -2.9619706 | AJ37: =COUNTIFS('Regular Season'!R:R,'Summary Page'!AD37,'Regular Season'!S:S,'Summary Page'!AC37) -> 9 | AK37: =IFERROR(((AG37*AE37)+(AH37*AJ37))/SUM(AG37,AJ37),"") -> 94.558462 | AL37: =IFERROR(AK37-VLOOKUP(AC37,$B$5:$H$14,7,FALSE),"") -> -7.280967 | AM37: =AVERAGEIFS('Regular Season'!T:T,'Regular Season'!R:R,'Summary Page'!AD37,'Regular Season'!S:S,'Summary Page'!AC37) -> 116.19778 | AN37: =AM37-VLOOKUP(AD37,'Summary Page (2)'!$B$5:$K$14,9,FALSE) -> -8.9608889 | AO37: =COUNTIFS('Regular Season'!R:R,'Summary Page'!AD37,'Regular Season'!S:S,'Summary Page'!AC37) -> 9 | AP37: =AVERAGEIFS('Regular Season'!U:U,'Regular Season'!S:S,'Summary Page'!AD37,'Regular Season'!R:R,'Summary Page'!AC37) -> 92.28 | AQ37: =AP37-VLOOKUP(AD37,'Summary Page (2)'!$B$5:$K$14,10,FALSE) -> -6.6671429 | AR37: =COUNTIFS('Regular Season'!R:R,'Summary Page'!AC37,'Regular Season'!S:S,'Summary Page'!AD37) -> 4 | AS37: =IFERROR(((AO37*AM37)+(AP37*AR37))/SUM(AO37,AR37),"") -> 108.83846 | AT37: =IFERROR(AS37-VLOOKUP(AD37,$B$5:$H$14,7,FALSE),"") -> -3.666366 | AU37: =AL37-AT37 -> -3.614601 | AW37: 56 | AX37: Graham/Michael | AY37: Clay/Ryan | AZ37: 122.755 | BA37: 0.32805556 | BB37: 8 | BC37: 98.09 | BD37: -0.30692308 | BE37: 6 | BF37: 112.18429 | BG37: 2.2529524 | BH37: 128.18 | BI37: 9.201519 | BJ37: 6 | BK37: 91.145 | BL37: -1.6769718 | BM37: 8 | BN37: 107.01714 | BO37: 0.41940952 | BP37: 1.8335429
B38: Drew/Cam | C38: =COUNTIFS('Regular Season'!R:R,'Summary Page'!$D$30,'Regular Season'!S:S,'Summary Page'!B38) -> 13 | D38: =COUNTIFS('Regular Season'!S:S,'Summary Page'!$D$30,'Regular Season'!R:R,'Summary Page'!B38) -> 11 | E38: =IFERROR(C38/SUM(C38:D38),"") -> 0.54166667 | F38: =COUNTIFS(Playoffs!O:O,'Summary Page'!$D$30,Playoffs!P:P,'Summary Page'!B38) -> 2 | G38: =COUNTIFS(Playoffs!P:P,'Summary Page'!$D$30,Playoffs!O:O,'Summary Page'!B38) -> 0 | H38: =IFERROR(F38/SUM(F38:G38),"") -> 1 | I38: =C38+F38 -> 15 | J38: =D38+G38 -> 11 | K38: =IFERROR(I38/SUM(I38:J38),"") -> 0.57692308 | AB38: 34 | AC38: David/Marshall | AD38: Pat/Tucker | AE38: =AVERAGEIFS('Regular Season'!T:T,'Regular Season'!R:R,'Summary Page'!AC38,'Regular Season'!S:S,'Summary Page'!AD38) -> 122.955 | AF38: =AE38-VLOOKUP(AC38,'Summary Page (2)'!$B$5:$K$14,9,FALSE) -> 3.7668841 | AG38: =COUNTIFS('Regular Season'!R:R,'Summary Page'!AC38,'Regular Season'!S:S,'Summary Page'!AD38) -> 4 | AH38: =AVERAGEIFS('Regular Season'!U:U,'Regular Season'!S:S,'Summary Page'!AC38,'Regular Season'!R:R,'Summary Page'!AD38) -> 90.01 | AI38: =AH38-VLOOKUP(AC38,'Summary Page (2)'!$B$5:$K$14,10,FALSE) -> -0.53641509 | AJ38: =COUNTIFS('Regular Season'!R:R,'Summary Page'!AD38,'Regular Season'!S:S,'Summary Page'!AC38) -> 12 | AK38: =IFERROR(((AG38*AE38)+(AH38*AJ38))/SUM(AG38,AJ38),"") -> 98.24625 | AL38: =IFERROR(AK38-VLOOKUP(AC38,$B$5:$H$14,7,FALSE),"") -> -3.5931786 | AM38: =AVERAGEIFS('Regular Season'!T:T,'Regular Season'!R:R,'Summary Page'!AD38,'Regular Season'!S:S,'Summary Page'!AC38) -> 124.87833 | AN38: =AM38-VLOOKUP(AD38,'Summary Page (2)'!$B$5:$K$14,9,FALSE) -> 4.4359524 | AO38: =COUNTIFS('Regular Season'!R:R,'Summary Page'!AD38,'Regular Season'!S:S,'Summary Page'!AC38) -> 12 | AP38: =AVERAGEIFS('Regular Season'!U:U,'Regular Season'!S:S,'Summary Page'!AD38,'Regular Season'!R:R,'Summary Page'!AC38) -> 76.54 | AQ38: =AP38-VLOOKUP(AD38,'Summary Page (2)'!$B$5:$K$14,10,FALSE) -> -17.965682 | AR38: =COUNTIFS('Regular Season'!R:R,'Summary Page'!AC38,'Regular Season'!S:S,'Summary Page'!AD38) -> 4 | AS38: =IFERROR(((AO38*AM38)+(AP38*AR38))/SUM(AO38,AR38),"") -> 112.79375 | AT38: =IFERROR(AS38-VLOOKUP(AD38,$B$5:$H$14,7,FALSE),"") -> 5.6213081 | AU38: =AL38-AT38 -> -9.2144867 | AW38: 28 | AX38: David/Marshall | AY38: Brian/Travis | AZ38: 110.5125 | BA38: -7.3507143 | BB38: 8 | BC38: 94.875 | BD38: 3.9792553 | BE38: 8 | BF38: 102.69375 | BG38: 1.73015 | BH38: 113.995 | BI38: -3.1064286 | BJ38: 8 | BK38: 96.0275 | BL38: 2.4625 | BM38: 8 | BN38: 105.01125 | BO38: 0.46258333 | BP38: 1.2675667
B39: Eric/Blake | C39: =COUNTIFS('Regular Season'!R:R,'Summary Page'!$D$30,'Regular Season'!S:S,'Summary Page'!B39) -> 7 | D39: =COUNTIFS('Regular Season'!S:S,'Summary Page'!$D$30,'Regular Season'!R:R,'Summary Page'!B39) -> 12 | E39: =IFERROR(C39/SUM(C39:D39),"") -> 0.36842105 | F39: =COUNTIFS(Playoffs!O:O,'Summary Page'!$D$30,Playoffs!P:P,'Summary Page'!B39) -> 1 | G39: =COUNTIFS(Playoffs!P:P,'Summary Page'!$D$30,Playoffs!O:O,'Summary Page'!B39) -> 0 | H39: =IFERROR(F39/SUM(F39:G39),"") -> 1 | I39: =C39+F39 -> 8 | J39: =D39+G39 -> 12 | K39: =IFERROR(I39/SUM(I39:J39),"") -> 0.4 | AB39: 35 | AC39: David/Marshall | AD39: Trent/Colin | AE39: =AVERAGEIFS('Regular Season'!T:T,'Regular Season'!R:R,'Summary Page'!AC39,'Regular Season'!S:S,'Summary Page'!AD39) -> 122.97 | AF39: =AE39-VLOOKUP(AC39,'Summary Page (2)'!$B$5:$K$14,9,FALSE) -> 3.7818841 | AG39: =COUNTIFS('Regular Season'!R:R,'Summary Page'!AC39,'Regular Season'!S:S,'Summary Page'!AD39) -> 8 | AH39: =AVERAGEIFS('Regular Season'!U:U,'Regular Season'!S:S,'Summary Page'!AC39,'Regular Season'!R:R,'Summary Page'!AD39) -> 93.163077 | AI39: =AH39-VLOOKUP(AC39,'Summary Page (2)'!$B$5:$K$14,10,FALSE) -> 2.6166618 | AJ39: =COUNTIFS('Regular Season'!R:R,'Summary Page'!AD39,'Regular Season'!S:S,'Summary Page'!AC39) -> 13 | AK39: =IFERROR(((AG39*AE39)+(AH39*AJ39))/SUM(AG39,AJ39),"") -> 104.5181 | AL39: =IFERROR(AK39-VLOOKUP(AC39,$B$5:$H$14,7,FALSE),"") -> 2.6786667 | AM39: =AVERAGEIFS('Regular Season'!T:T,'Regular Season'!R:R,'Summary Page'!AD39,'Regular Season'!S:S,'Summary Page'!AC39) -> 122.38769 | AN39: =AM39-VLOOKUP(AD39,'Summary Page (2)'!$B$5:$K$14,9,FALSE) -> 1.6314178 | AO39: =COUNTIFS('Regular Season'!R:R,'Summary Page'!AD39,'Regular Season'!S:S,'Summary Page'!AC39) -> 13 | AP39: =AVERAGEIFS('Regular Season'!U:U,'Regular Season'!S:S,'Summary Page'!AD39,'Regular Season'!R:R,'Summary Page'!AC39) -> 91.3775 | AQ39: =AP39-VLOOKUP(AD39,'Summary Page (2)'!$B$5:$K$14,10,FALSE) -> -5.3149324 | AR39: =COUNTIFS('Regular Season'!R:R,'Summary Page'!AC39,'Regular Season'!S:S,'Summary Page'!AD39) -> 8 | AS39: =IFERROR(((AO39*AM39)+(AP39*AR39))/SUM(AO39,AR39),"") -> 110.57429 | AT39: =IFERROR(AS39-VLOOKUP(AD39,$B$5:$H$14,7,FALSE),"") -> -0.064237013 | AU39: =AL39-AT39 -> 2.7429037 | AW39: 53 | AX39: Eric/Blake | AY39: Trent/Colin | AZ39: 122.56545 | BA39: 0.17102417 | BB39: 11 | BC39: 88.954286 | BD39: -8.0890946 | BE39: 7 | BF39: 109.49444 | BG39: -0.90048889 | BH39: 116.11429 | BI39: -4.9720064 | BJ39: 7 | BK39: 103.33273 | BL39: 8.5468256 | BM39: 11 | BN39: 108.30333 | BO39: -2.0874667 | BP39: 1.1869778
B40: Graham/Michael | C40: =COUNTIFS('Regular Season'!R:R,'Summary Page'!$D$30,'Regular Season'!S:S,'Summary Page'!B40) -> 0 | D40: =COUNTIFS('Regular Season'!S:S,'Summary Page'!$D$30,'Regular Season'!R:R,'Summary Page'!B40) -> 0 | E40: =IFERROR(C40/SUM(C40:D40),"") | F40: =COUNTIFS(Playoffs!O:O,'Summary Page'!$D$30,Playoffs!P:P,'Summary Page'!B40) -> 0 | G40: =COUNTIFS(Playoffs!P:P,'Summary Page'!$D$30,Playoffs!O:O,'Summary Page'!B40) -> 0 | H40: =IFERROR(F40/SUM(F40:G40),"") | I40: =C40+F40 -> 0 | J40: =D40+G40 -> 0 | K40: =IFERROR(I40/SUM(I40:J40),"") | AB40: 36 | AC40: David/Marshall | AD40: Walker/Cory | AE40: =AVERAGEIFS('Regular Season'!T:T,'Regular Season'!R:R,'Summary Page'!AC40,'Regular Season'!S:S,'Summary Page'!AD40) -> 119.3575 | AF40: =AE40-VLOOKUP(AC40,'Summary Page (2)'!$B$5:$K$14,9,FALSE) -> 0.16938406 | AG40: =COUNTIFS('Regular Season'!R:R,'Summary Page'!AC40,'Regular Season'!S:S,'Summary Page'!AD40) -> 8 | AH40: =AVERAGEIFS('Regular Season'!U:U,'Regular Season'!S:S,'Summary Page'!AC40,'Regular Season'!R:R,'Summary Page'!AD40) -> 93.085455 | AI40: =AH40-VLOOKUP(AC40,'Summary Page (2)'!$B$5:$K$14,10,FALSE) -> 2.5390395 | AJ40: =COUNTIFS('Regular Season'!R:R,'Summary Page'!AD40,'Regular Season'!S:S,'Summary Page'!AC40) -> 11 | AK40: =IFERROR(((AG40*AE40)+(AH40*AJ40))/SUM(AG40,AJ40),"") -> 104.14737 | AL40: =IFERROR(AK40-VLOOKUP(AC40,$B$5:$H$14,7,FALSE),"") -> 2.3079398 | AM40: =AVERAGEIFS('Regular Season'!T:T,'Regular Season'!R:R,'Summary Page'!AD40,'Regular Season'!S:S,'Summary Page'!AC40) -> 114.46545 | AN40: =AM40-VLOOKUP(AD40,'Summary Page (2)'!$B$5:$K$14,9,FALSE) -> -1.6123715 | AO40: =COUNTIFS('Regular Season'!R:R,'Summary Page'!AD40,'Regular Season'!S:S,'Summary Page'!AC40) -> 11 | AP40: =AVERAGEIFS('Regular Season'!U:U,'Regular Season'!S:S,'Summary Page'!AD40,'Regular Season'!R:R,'Summary Page'!AC40) -> 96.19 | AQ40: =AP40-VLOOKUP(AD40,'Summary Page (2)'!$B$5:$K$14,10,FALSE) -> 1.4197561 | AR40: =COUNTIFS('Regular Season'!R:R,'Summary Page'!AC40,'Regular Season'!S:S,'Summary Page'!AD40) -> 8 | AS40: =IFERROR(((AO40*AM40)+(AP40*AR40))/SUM(AO40,AR40),"") -> 106.77053 | AT40: =IFERROR(AS40-VLOOKUP(AD40,$B$5:$H$14,7,FALSE),"") -> 0.73420448 | AU40: =AL40-AT40 -> 1.5737354 | AW40: 68 | AX40: Pat/Tucker | AY40: Drew/Cam | AZ40: 115.965 | BA40: -4.6082432 | BB40: 8 | BC40: 103.87 | BD40: 10.472105 | BE40: 10 | BF40: 109.24556 | BG40: 2.4411556 | BH40: 118.828 | BI40: 3.2833425 | BJ40: 10 | BK40: 86.7425 | BL40: -4.7863312 | BM40: 8 | BN40: 104.56778 | BO40: 1.3512444 | BP40: 1.0899111
B41: Pat/Tucker | C41: =COUNTIFS('Regular Season'!R:R,'Summary Page'!$D$30,'Regular Season'!S:S,'Summary Page'!B41) -> 13 | D41: =COUNTIFS('Regular Season'!S:S,'Summary Page'!$D$30,'Regular Season'!R:R,'Summary Page'!B41) -> 10 | E41: =IFERROR(C41/SUM(C41:D41),"") -> 0.56521739 | F41: =COUNTIFS(Playoffs!O:O,'Summary Page'!$D$30,Playoffs!P:P,'Summary Page'!B41) -> 1 | G41: =COUNTIFS(Playoffs!P:P,'Summary Page'!$D$30,Playoffs!O:O,'Summary Page'!B41) -> 1 | H41: =IFERROR(F41/SUM(F41:G41),"") -> 0.5 | I41: =C41+F41 -> 14 | J41: =D41+G41 -> 11 | K41: =IFERROR(I41/SUM(I41:J41),"") -> 0.56 | AB41: 37 | AC41: Drew/Cam | AD41: Brian/Travis | AE41: =AVERAGEIFS('Regular Season'!T:T,'Regular Season'!R:R,'Summary Page'!AC41,'Regular Season'!S:S,'Summary Page'!AD41) -> 114.69 | AF41: =AE41-VLOOKUP(AC41,'Summary Page (2)'!$B$5:$K$14,9,FALSE) -> -1.1502439 | AG41: =COUNTIFS('Regular Season'!R:R,'Summary Page'!AC41,'Regular Season'!S:S,'Summary Page'!AD41) -> 14 | AH41: =AVERAGEIFS('Regular Season'!U:U,'Regular Season'!S:S,'Summary Page'!AC41,'Regular Season'!R:R,'Summary Page'!AD41) -> 99.566667 | AI41: =AH41-VLOOKUP(AC41,'Summary Page (2)'!$B$5:$K$14,10,FALSE) -> 6.7159058 | AJ41: =COUNTIFS('Regular Season'!R:R,'Summary Page'!AD41,'Regular Season'!S:S,'Summary Page'!AC41) -> 9 | AK41: =IFERROR(((AG41*AE41)+(AH41*AJ41))/SUM(AG41,AJ41),"") -> 108.77217 | AL41: =IFERROR(AK41-VLOOKUP(AC41,$B$5:$H$14,7,FALSE),"") -> 5.0872889 | AM41: =AVERAGEIFS('Regular Season'!T:T,'Regular Season'!R:R,'Summary Page'!AD41,'Regular Season'!S:S,'Summary Page'!AC41) -> 127.28222 | AN41: =AM41-VLOOKUP(AD41,'Summary Page (2)'!$B$5:$K$14,9,FALSE) -> 9.3452455 | AO41: =COUNTIFS('Regular Season'!R:R,'Summary Page'!AD41,'Regular Season'!S:S,'Summary Page'!AC41) -> 9 | AP41: =AVERAGEIFS('Regular Season'!U:U,'Regular Season'!S:S,'Summary Page'!AD41,'Regular Season'!R:R,'Summary Page'!AC41) -> 88.694286 | AQ41: =AP41-VLOOKUP(AD41,'Summary Page (2)'!$B$5:$K$14,10,FALSE) -> -5.3988961 | AR41: =COUNTIFS('Regular Season'!R:R,'Summary Page'!AC41,'Regular Season'!S:S,'Summary Page'!AD41) -> 14 | AS41: =IFERROR(((AO41*AM41)+(AP41*AR41))/SUM(AO41,AR41),"") -> 103.79391 | AT41: =IFERROR(AS41-VLOOKUP(AD41,$B$5:$H$14,7,FALSE),"") -> -2.0841329 | AU41: =AL41-AT41 -> 7.1714218 | AW41: 90 | AX41: Walker/Cory | AY41: Trent/Colin | AZ41: 114.97333 | BA41: -2.613252 | BB41: 6 | BC41: 90.136 | BD41: -2.5875294 | BE41: 5 | BF41: 103.68364 | BG41: -2.631697 | BH41: 123.412 | BI41: 2.3257079 | BJ41: 5 | BK41: 93.02 | BL41: -1.7659016 | BM41: 6 | BN41: 106.83455 | BO41: -3.5562545 | BP41: 0.92455758
B42: Trent/Colin | C42: =COUNTIFS('Regular Season'!R:R,'Summary Page'!$D$30,'Regular Season'!S:S,'Summary Page'!B42) -> 9 | D42: =COUNTIFS('Regular Season'!S:S,'Summary Page'!$D$30,'Regular Season'!R:R,'Summary Page'!B42) -> 10 | E42: =IFERROR(C42/SUM(C42:D42),"") -> 0.47368421 | F42: =COUNTIFS(Playoffs!O:O,'Summary Page'!$D$30,Playoffs!P:P,'Summary Page'!B42) -> 0 | G42: =COUNTIFS(Playoffs!P:P,'Summary Page'!$D$30,Playoffs!O:O,'Summary Page'!B42) -> 3 | H42: =IFERROR(F42/SUM(F42:G42),"") -> 0 | I42: =C42+F42 -> 9 | J42: =D42+G42 -> 13 | K42: =IFERROR(I42/SUM(I42:J42),"") -> 0.40909091 | AB42: 38 | AC42: Drew/Cam | AD42: Clay/Ryan | AE42: =AVERAGEIFS('Regular Season'!T:T,'Regular Season'!R:R,'Summary Page'!AC42,'Regular Season'!S:S,'Summary Page'!AD42) -> 120.77714 | AF42: =AE42-VLOOKUP(AC42,'Summary Page (2)'!$B$5:$K$14,9,FALSE) -> 4.936899 | AG42: =COUNTIFS('Regular Season'!R:R,'Summary Page'!AC42,'Regular Season'!S:S,'Summary Page'!AD42) -> 7 | AH42: =AVERAGEIFS('Regular Season'!U:U,'Regular Season'!S:S,'Summary Page'!AC42,'Regular Season'!R:R,'Summary Page'!AD42) -> 95.321667 | AI42: =AH42-VLOOKUP(AC42,'Summary Page (2)'!$B$5:$K$14,10,FALSE) -> 2.4709058 | AJ42: =COUNTIFS('Regular Season'!R:R,'Summary Page'!AD42,'Regular Season'!S:S,'Summary Page'!AC42) -> 12 | AK42: =IFERROR(((AG42*AE42)+(AH42*AJ42))/SUM(AG42,AJ42),"") -> 104.7 | AL42: =IFERROR(AK42-VLOOKUP(AC42,$B$5:$H$14,7,FALSE),"") -> 1.0151149 | AM42: =AVERAGEIFS('Regular Season'!T:T,'Regular Season'!R:R,'Summary Page'!AD42,'Regular Season'!S:S,'Summary Page'!AC42) -> 120.00667 | AN42: =AM42-VLOOKUP(AD42,'Summary Page (2)'!$B$5:$K$14,9,FALSE) -> 0.53311828 | AO42: =COUNTIFS('Regular Season'!R:R,'Summary Page'!AD42,'Regular Season'!S:S,'Summary Page'!AC42) -> 12 | AP42: =AVERAGEIFS('Regular Season'!U:U,'Regular Season'!S:S,'Summary Page'!AD42,'Regular Season'!R:R,'Summary Page'!AC42) -> 98.265714 | AQ42: =AP42-VLOOKUP(AD42,'Summary Page (2)'!$B$5:$K$14,10,FALSE) -> 5.192381 | AR42: =COUNTIFS('Regular Season'!R:R,'Summary Page'!AC42,'Regular Season'!S:S,'Summary Page'!AD42) -> 7 | AS42: =IFERROR(((AO42*AM42)+(AP42*AR42))/SUM(AO42,AR42),"") -> 111.99684 | AT42: =IFERROR(AS42-VLOOKUP(AD42,$B$5:$H$14,7,FALSE),"") -> 4.813049 | AU42: =AL42-AT42 -> -3.7979341 | AW42: 73 | AX42: Trent/Colin | AY42: Brian/Travis | AZ42: 119.33125 | BA42: -1.7550421 | BB42: 16 | BC42: 83.94 | BD42: -10.845902 | BE42: 6 | BF42: 109.67909 | BG42: -0.71170909 | BH42: 114.47 | BI42: -2.6314286 | BJ42: 6 | BK42: 98.6425 | BL42: 5.0775 | BM42: 16 | BN42: 102.95909 | BO42: -1.5895758 | BP42: 0.87786667
B43: Walker/Cory | C43: =COUNTIFS('Regular Season'!R:R,'Summary Page'!$D$30,'Regular Season'!S:S,'Summary Page'!B43) -> 8 | D43: =COUNTIFS('Regular Season'!S:S,'Summary Page'!$D$30,'Regular Season'!R:R,'Summary Page'!B43) -> 12 | E43: =IFERROR(C43/SUM(C43:D43),"") -> 0.4 | F43: =COUNTIFS(Playoffs!O:O,'Summary Page'!$D$30,Playoffs!P:P,'Summary Page'!B43) -> 1 | G43: =COUNTIFS(Playoffs!P:P,'Summary Page'!$D$30,Playoffs!O:O,'Summary Page'!B43) -> 1 | H43: =IFERROR(F43/SUM(F43:G43),"") -> 0.5 | I43: =C43+F43 -> 9 | J43: =D43+G43 -> 13 | K43: =IFERROR(I43/SUM(I43:J43),"") -> 0.40909091 | AB43: 39 | AC43: Drew/Cam | AD43: Dave/Nolan | AE43: =AVERAGEIFS('Regular Season'!T:T,'Regular Season'!R:R,'Summary Page'!AC43,'Regular Season'!S:S,'Summary Page'!AD43) -> 115.99429 | AF43: =AE43-VLOOKUP(AC43,'Summary Page (2)'!$B$5:$K$14,9,FALSE) -> 0.15404181 | AG43: =COUNTIFS('Regular Season'!R:R,'Summary Page'!AC43,'Regular Season'!S:S,'Summary Page'!AD43) -> 7 | AH43: =AVERAGEIFS('Regular Season'!U:U,'Regular Season'!S:S,'Summary Page'!AC43,'Regular Season'!R:R,'Summary Page'!AD43) -> 88.5475 | AI43: =AH43-VLOOKUP(AC43,'Summary Page (2)'!$B$5:$K$14,10,FALSE) -> -4.3032609 | AJ43: =COUNTIFS('Regular Season'!R:R,'Summary Page'!AD43,'Regular Season'!S:S,'Summary Page'!AC43) -> 8 | AK43: =IFERROR(((AG43*AE43)+(AH43*AJ43))/SUM(AG43,AJ43),"") -> 101.356 | AL43: =IFERROR(AK43-VLOOKUP(AC43,$B$5:$H$14,7,FALSE),"") -> -2.3288851 | AM43: =AVERAGEIFS('Regular Season'!T:T,'Regular Season'!R:R,'Summary Page'!AD43,'Regular Season'!S:S,'Summary Page'!AC43) -> 121.7575 | AN43: =AM43-VLOOKUP(AD43,'Summary Page (2)'!$B$5:$K$14,9,FALSE) -> 0.057746914 | AO43: =COUNTIFS('Regular Season'!R:R,'Summary Page'!AD43,'Regular Season'!S:S,'Summary Page'!AC43) -> 8 | AP43: =AVERAGEIFS('Regular Season'!U:U,'Regular Season'!S:S,'Summary Page'!AD43,'Regular Season'!R:R,'Summary Page'!AC43) -> 86.154286 | AQ43: =AP43-VLOOKUP(AD43,'Summary Page (2)'!$B$5:$K$14,10,FALSE) -> -8.7218012 | AR43: =COUNTIFS('Regular Season'!R:R,'Summary Page'!AC43,'Regular Season'!S:S,'Summary Page'!AD43) -> 7 | AS43: =IFERROR(((AO43*AM43)+(AP43*AR43))/SUM(AO43,AR43),"") -> 105.14267 | AT43: =IFERROR(AS43-VLOOKUP(AD43,$B$5:$H$14,7,FALSE),"") -> -2.2924778 | AU43: =AL43-AT43 -> -0.036407215 | AW43: 74 | AX43: Trent/Colin | AY43: Clay/Ryan | AZ43: 123.93556 | BA43: 2.8492634 | BB43: 9 | BC43: 91.588571 | BD43: -3.1973302 | BE43: 7 | BF43: 109.78375 | BG43: -0.60705 | BH43: 115.74857 | BI43: -3.2299096 | BJ43: 7 | BK43: 96.933333 | BL43: 4.1113615 | BM43: 9 | BN43: 105.165 | BO43: -1.4327333 | BP43: 0.82568333
B44: Overall | C44: =SUM(C34:C43) -> 90 | D44: =SUM(D34:D43) -> 84 | E44: =IFERROR(C44/SUM(C44:D44),"") -> 0.51724138 | F44: =SUM(F34:F43) -> 8 | G44: =SUM(G34:G43) -> 9 | H44: =IFERROR(F44/SUM(F44:G44),"") -> 0.47058824 | I44: =SUM(I34:I43) -> 98 | J44: =SUM(J34:J43) -> 93 | K44: =IFERROR(I44/SUM(I44:J44),"") -> 0.51308901 | AB44: 40 | AC44: Drew/Cam | AD44: David/Marshall | AE44: =AVERAGEIFS('Regular Season'!T:T,'Regular Season'!R:R,'Summary Page'!AC44,'Regular Season'!S:S,'Summary Page'!AD44) -> 99.867692 | AF44: =AE44-VLOOKUP(AC44,'Summary Page (2)'!$B$5:$K$14,9,FALSE) -> -15.972552 | AG44: =COUNTIFS('Regular Season'!R:R,'Summary Page'!AC44,'Regular Season'!S:S,'Summary Page'!AD44) -> 13 | AH44: =AVERAGEIFS('Regular Season'!U:U,'Regular Season'!S:S,'Summary Page'!AC44,'Regular Season'!R:R,'Summary Page'!AD44) -> 96.105714 | AI44: =AH44-VLOOKUP(AC44,'Summary Page (2)'!$B$5:$K$14,10,FALSE) -> 3.2549534 | AJ44: =COUNTIFS('Regular Season'!R:R,'Summary Page'!AD44,'Regular Season'!S:S,'Summary Page'!AC44) -> 7 | AK44: =IFERROR(((AG44*AE44)+(AH44*AJ44))/SUM(AG44,AJ44),"") -> 98.551 | AL44: =IFERROR(AK44-VLOOKUP(AC44,$B$5:$H$14,7,FALSE),"") -> -5.1338851 | AM44: =AVERAGEIFS('Regular Season'!T:T,'Regular Season'!R:R,'Summary Page'!AD44,'Regular Season'!S:S,'Summary Page'!AC44) -> 119.52 | AN44: =AM44-VLOOKUP(AD44,'Summary Page (2)'!$B$5:$K$14,9,FALSE) -> 0.33188406 | AO44: =COUNTIFS('Regular Season'!R:R,'Summary Page'!AD44,'Regular Season'!S:S,'Summary Page'!AC44) -> 7 | AP44: =AVERAGEIFS('Regular Season'!U:U,'Regular Season'!S:S,'Summary Page'!AD44,'Regular Season'!R:R,'Summary Page'!AC44) -> 79.804615 | AQ44: =AP44-VLOOKUP(AD44,'Summary Page (2)'!$B$5:$K$14,10,FALSE) -> -10.7418 | AR44: =COUNTIFS('Regular Season'!R:R,'Summary Page'!AC44,'Regular Season'!S:S,'Summary Page'!AD44) -> 13 | AS44: =IFERROR(((AO44*AM44)+(AP44*AR44))/SUM(AO44,AR44),"") -> 93.705 | AT44: =IFERROR(AS44-VLOOKUP(AD44,$B$5:$H$14,7,FALSE),"") -> -8.1344286 | AU44: =AL44-AT44 -> 3.0005435 | AW44: 14 | AX44: Clay/Ryan | AY44: Eric/Blake | AZ44: 108.655 | BA44: -10.323481 | BB44: 8 | BC44: 88.766667 | BD44: -4.0553052 | BE44: 9 | BF44: 98.125882 | BG44: -8.471851 | BH44: 114.54222 | BI44: -7.8522082 | BJ44: 9 | BK44: 86.0475 | BL44: -10.99588 | BM44: 8 | BN44: 101.13294 | BO44: -9.2619922 | BP44: 0.79014118
AB45: 41 | AC45: Drew/Cam | AD45: Eric/Blake | AE45: =AVERAGEIFS('Regular Season'!T:T,'Regular Season'!R:R,'Summary Page'!AC45,'Regular Season'!S:S,'Summary Page'!AD45) -> 123.8725 | AF45: =AE45-VLOOKUP(AC45,'Summary Page (2)'!$B$5:$K$14,9,FALSE) -> 8.0322561 | AG45: =COUNTIFS('Regular Season'!R:R,'Summary Page'!AC45,'Regular Season'!S:S,'Summary Page'!AD45) -> 8 | AH45: =AVERAGEIFS('Regular Season'!U:U,'Regular Season'!S:S,'Summary Page'!AC45,'Regular Season'!R:R,'Summary Page'!AD45) -> 102.90667 | AI45: =AH45-VLOOKUP(AC45,'Summary Page (2)'!$B$5:$K$14,10,FALSE) -> 10.055906 | AJ45: =COUNTIFS('Regular Season'!R:R,'Summary Page'!AD45,'Regular Season'!S:S,'Summary Page'!AC45) -> 6 | AK45: =IFERROR(((AG45*AE45)+(AH45*AJ45))/SUM(AG45,AJ45),"") -> 114.88714 | AL45: =IFERROR(AK45-VLOOKUP(AC45,$B$5:$H$14,7,FALSE),"") -> 11.202258 | AM45: =AVERAGEIFS('Regular Season'!T:T,'Regular Season'!R:R,'Summary Page'!AD45,'Regular Season'!S:S,'Summary Page'!AC45) -> 130.87 | AN45: =AM45-VLOOKUP(AD45,'Summary Page (2)'!$B$5:$K$14,9,FALSE) -> 8.5273626 | AO45: =COUNTIFS('Regular Season'!R:R,'Summary Page'!AD45,'Regular Season'!S:S,'Summary Page'!AC45) -> 6 | AP45: =AVERAGEIFS('Regular Season'!U:U,'Regular Season'!S:S,'Summary Page'!AD45,'Regular Season'!R:R,'Summary Page'!AC45) -> 100.705 | AQ45: =AP45-VLOOKUP(AD45,'Summary Page (2)'!$B$5:$K$14,10,FALSE) -> 4.305 | AR45: =COUNTIFS('Regular Season'!R:R,'Summary Page'!AC45,'Regular Season'!S:S,'Summary Page'!AD45) -> 8 | AS45: =IFERROR(((AO45*AM45)+(AP45*AR45))/SUM(AO45,AR45),"") -> 113.63286 | AT45: =IFERROR(AS45-VLOOKUP(AD45,$B$5:$H$14,7,FALSE),"") -> 3.665156 | AU45: =AL45-AT45 -> 7.5371018 | AW45: 22 | AX45: Dave/Nolan | AY45: Drew/Cam | AZ45: 122.48 | BA45: -0.0026315789 | BB45: 7 | BC45: 89.853333 | BD45: -6.4645045 | BE45: 6 | BF45: 107.42154 | BG45: -2.1531282 | BH45: 115.19 | BI45: -0.35465753 | BJ45: 6 | BK45: 87.611429 | BL45: -3.9174026 | BM45: 7 | BN45: 100.34 | BO45: -2.8765333 | BP45: 0.72340513
B46: Pts Scored | C46: You vs Them | I46: Them vs You | AB46: 42 | AC46: Drew/Cam | AD46: Graham/Michael | AE46: =AVERAGEIFS('Regular Season'!T:T,'Regular Season'!R:R,'Summary Page'!AC46,'Regular Season'!S:S,'Summary Page'!AD46) -> 121.6 | AF46: =AE46-VLOOKUP(AC46,'Summary Page (2)'!$B$5:$K$14,9,FALSE) -> 5.7597561 | AG46: =COUNTIFS('Regular Season'!R:R,'Summary Page'!AC46,'Regular Season'!S:S,'Summary Page'!AD46) -> 11 | AH46: =AVERAGEIFS('Regular Season'!U:U,'Regular Season'!S:S,'Summary Page'!AC46,'Regular Season'!R:R,'Summary Page'!AD46) -> 92.315385 | AI46: =AH46-VLOOKUP(AC46,'Summary Page (2)'!$B$5:$K$14,10,FALSE) -> -0.53537625 | AJ46: =COUNTIFS('Regular Season'!R:R,'Summary Page'!AD46,'Regular Season'!S:S,'Summary Page'!AC46) -> 13 | AK46: =IFERROR(((AG46*AE46)+(AH46*AJ46))/SUM(AG46,AJ46),"") -> 105.7375 | AL46: =IFERROR(AK46-VLOOKUP(AC46,$B$5:$H$14,7,FALSE),"") -> 2.0526149 | AM46: =AVERAGEIFS('Regular Season'!T:T,'Regular Season'!R:R,'Summary Page'!AD46,'Regular Season'!S:S,'Summary Page'!AC46) -> 122.48769 | AN46: =AM46-VLOOKUP(AD46,'Summary Page (2)'!$B$5:$K$14,9,FALSE) -> -2.6709744 | AO46: =COUNTIFS('Regular Season'!R:R,'Summary Page'!AD46,'Regular Season'!S:S,'Summary Page'!AC46) -> 13 | AP46: =AVERAGEIFS('Regular Season'!U:U,'Regular Season'!S:S,'Summary Page'!AD46,'Regular Season'!R:R,'Summary Page'!AC46) -> 103.74182 | AQ46: =AP46-VLOOKUP(AD46,'Summary Page (2)'!$B$5:$K$14,10,FALSE) -> 4.7946753 | AR46: =COUNTIFS('Regular Season'!R:R,'Summary Page'!AC46,'Regular Season'!S:S,'Summary Page'!AD46) -> 11 | AS46: =IFERROR(((AO46*AM46)+(AP46*AR46))/SUM(AO46,AR46),"") -> 113.89583 | AT46: =IFERROR(AS46-VLOOKUP(AD46,$B$5:$H$14,7,FALSE),"") -> 1.3910057 | AU46: =AL46-AT46 -> 0.6616092 | AW46: 10 | AX46: Clay/Ryan | AY46: Brian/Travis | AZ46: 119.9975 | BA46: 1.019019 | BB46: 8 | BC46: 81.577778 | BD46: -11.244194 | BE46: 9 | BF46: 99.657647 | BG46: -6.9400863 | BH46: 103.31556 | BI46: -13.785873 | BJ46: 9 | BK46: 89.8425 | BL46: -3.7225 | BM46: 8 | BN46: 96.975294 | BO46: -7.5733725 | BP46: 0.63328627
B47: Opponent | C47: Wins | E47: Losses | G47: Overall | I47: Wins | K47: Losses | M47: Overall | O47: Total | AB47: 43 | AC47: Drew/Cam | AD47: Pat/Tucker | AE47: =AVERAGEIFS('Regular Season'!T:T,'Regular Season'!R:R,'Summary Page'!AC47,'Regular Season'!S:S,'Summary Page'!AD47) -> 119.25273 | AF47: =AE47-VLOOKUP(AC47,'Summary Page (2)'!$B$5:$K$14,9,FALSE) -> 3.4124834 | AG47: =COUNTIFS('Regular Season'!R:R,'Summary Page'!AC47,'Regular Season'!S:S,'Summary Page'!AD47) -> 11 | AH47: =AVERAGEIFS('Regular Season'!U:U,'Regular Season'!S:S,'Summary Page'!AC47,'Regular Season'!R:R,'Summary Page'!AD47) -> 86.74125 | AI47: =AH47-VLOOKUP(AC47,'Summary Page (2)'!$B$5:$K$14,10,FALSE) -> -6.1095109 | AJ47: =COUNTIFS('Regular Season'!R:R,'Summary Page'!AD47,'Regular Season'!S:S,'Summary Page'!AC47) -> 8 | AK47: =IFERROR(((AG47*AE47)+(AH47*AJ47))/SUM(AG47,AJ47),"") -> 105.56368 | AL47: =IFERROR(AK47-VLOOKUP(AC47,$B$5:$H$14,7,FALSE),"") -> 1.8787992 | AM47: =AVERAGEIFS('Regular Season'!T:T,'Regular Season'!R:R,'Summary Page'!AD47,'Regular Season'!S:S,'Summary Page'!AC47) -> 115.965 | AN47: =AM47-VLOOKUP(AD47,'Summary Page (2)'!$B$5:$K$14,9,FALSE) -> -4.477381 | AO47: =COUNTIFS('Regular Season'!R:R,'Summary Page'!AD47,'Regular Season'!S:S,'Summary Page'!AC47) -> 8 | AP47: =AVERAGEIFS('Regular Season'!U:U,'Regular Season'!S:S,'Summary Page'!AD47,'Regular Season'!R:R,'Summary Page'!AC47) -> 104.80364 | AQ47: =AP47-VLOOKUP(AD47,'Summary Page (2)'!$B$5:$K$14,10,FALSE) -> 10.297955 | AR47: =COUNTIFS('Regular Season'!R:R,'Summary Page'!AC47,'Regular Season'!S:S,'Summary Page'!AD47) -> 11 | AS47: =IFERROR(((AO47*AM47)+(AP47*AR47))/SUM(AO47,AR47),"") -> 109.50316 | AT47: =IFERROR(AS47-VLOOKUP(AD47,$B$5:$H$14,7,FALSE),"") -> 2.330716 | AU47: =AL47-AT47 -> -0.45191688 | AW47: 29 | AX47: David/Marshall | AY47: Clay/Ryan | AZ47: 133.11 | BA47: 15.246786 | BB47: 6 | BC47: 92.73 | BD47: 1.8342553 | BE47: 14 | BF47: 104.844 | BG47: 3.8804 | BH47: 117.42286 | BI47: -1.5556239 | BJ47: 14 | BK47: 93.02 | BL47: 0.19802817 | BM47: 6 | BN47: 110.102 | BO47: 3.5042667 | BP47: 0.37613333
B48: Brian/Travis | C48: =IFERROR(AVERAGEIFS('Regular Season'!T:T,'Regular Season'!R:R,'Summary Page'!$D$30,'Regular Season'!S:S,'Summary Page'!B48),"") -> 128.71273 | D48: =IFERROR(C48-$C$58,"") -> 3.5540606 | E48: =IFERROR(AVERAGEIFS('Regular Season'!U:U,'Regular Season'!S:S,'Summary Page'!$D$30,'Regular Season'!R:R,'Summary Page'!B48),"") -> 92.804444 | F48: =IFERROR(E48-$E$58,"") -> -6.1426984 | G48: =IFERROR(((C48*C34)+(E48*D34))/SUM(C34:D34),"") -> 112.554 | H48: =IFERROR(G48-$G$58,"") -> 0.049172414 | I48: =IFERROR(AVERAGEIFS('Regular Season'!T:T,'Regular Season'!R:R,'Summary Page'!B48,'Regular Season'!S:S,'Summary Page'!$D$30),"") -> 114.09556 | J48: =IFERROR(I48-J5,"") -> -3.8414212 | K48: =IFERROR(AVERAGEIFS('Regular Season'!U:U,'Regular Season'!R:R,'Summary Page'!$D$30,'Regular Season'!S:S,'Summary Page'!B48),"") -> 98.785455 | L48: =IFERROR(K48-K5,"") -> 4.6922727 | M48: =IFERROR(((I48*D34)+(K48*C34))/SUM(C34:D34),"") -> 105.675 | N48: =IFERROR(M48-H5,"") -> -0.20304598 | O48: =IFERROR(H48-N48,"") -> 0.25221839 | AB48: 44 | AC48: Drew/Cam | AD48: Trent/Colin | AE48: =AVERAGEIFS('Regular Season'!T:T,'Regular Season'!R:R,'Summary Page'!AC48,'Regular Season'!S:S,'Summary Page'!AD48) -> 115.39333 | AF48: =AE48-VLOOKUP(AC48,'Summary Page (2)'!$B$5:$K$14,9,FALSE) -> -0.44691057 | AG48: =COUNTIFS('Regular Season'!R:R,'Summary Page'!AC48,'Regular Season'!S:S,'Summary Page'!AD48) -> 6 | AH48: =AVERAGEIFS('Regular Season'!U:U,'Regular Season'!S:S,'Summary Page'!AC48,'Regular Season'!R:R,'Summary Page'!AD48) -> 95.525263 | AI48: =AH48-VLOOKUP(AC48,'Summary Page (2)'!$B$5:$K$14,10,FALSE) -> 2.6745023 | AJ48: =COUNTIFS('Regular Season'!R:R,'Summary Page'!AD48,'Regular Season'!S:S,'Summary Page'!AC48) -> 19 | AK48: =IFERROR(((AG48*AE48)+(AH48*AJ48))/SUM(AG48,AJ48),"") -> 100.2936 | AL48: =IFERROR(AK48-VLOOKUP(AC48,$B$5:$H$14,7,FALSE),"") -> -3.3912851 | AM48: =AVERAGEIFS('Regular Season'!T:T,'Regular Season'!R:R,'Summary Page'!AD48,'Regular Season'!S:S,'Summary Page'!AC48) -> 119.61684 | AN48: =AM48-VLOOKUP(AD48,'Summary Page (2)'!$B$5:$K$14,9,FALSE) -> -1.1394324 | AO48: =COUNTIFS('Regular Season'!R:R,'Summary Page'!AD48,'Regular Season'!S:S,'Summary Page'!AC48) -> 19 | AP48: =AVERAGEIFS('Regular Season'!U:U,'Regular Season'!S:S,'Summary Page'!AD48,'Regular Season'!R:R,'Summary Page'!AC48) -> 94.056667 | AQ48: =AP48-VLOOKUP(AD48,'Summary Page (2)'!$B$5:$K$14,10,FALSE) -> -2.6357658 | AR48: =COUNTIFS('Regular Season'!R:R,'Summary Page'!AC48,'Regular Season'!S:S,'Summary Page'!AD48) -> 6 | AS48: =IFERROR(((AO48*AM48)+(AP48*AR48))/SUM(AO48,AR48),"") -> 113.4824 | AT48: =IFERROR(AS48-VLOOKUP(AD48,$B$5:$H$14,7,FALSE),"") -> 2.8438773 | AU48: =AL48-AT48 -> -6.2351623 | AW48: 42 | AX48: Drew/Cam | AY48: Graham/Michael | AZ48: 117.716 | BA48: 2.1713425 | BB48: 10 | BC48: 91.023636 | BD48: -0.50519481 | BE48: 11 | BF48: 103.73429 | BG48: 0.51775238 | BH48: 119.12545 | BI48: -3.3014899 | BJ48: 11 | BK48: 100.3 | BL48: 1.9030769 | BM48: 10 | BN48: 110.16095 | BO48: 0.22961905 | BP48: 0.28813333
B49: Clay/Ryan | C49: =IFERROR(AVERAGEIFS('Regular Season'!T:T,'Regular Season'!R:R,'Summary Page'!$D$30,'Regular Season'!S:S,'Summary Page'!B49),"") -> 124.2 | D49: =IFERROR(C49-$C$58,"") -> -0.95866667 | E49: =IFERROR(AVERAGEIFS('Regular Season'!U:U,'Regular Season'!S:S,'Summary Page'!$D$30,'Regular Season'!R:R,'Summary Page'!B49),"") -> 98.09 | F49: =IFERROR(E49-$E$58,"") -> -0.85714286 | G49: =IFERROR(((C49*C35)+(E49*D35))/SUM(C35:D35),"") -> 114.40875 | H49: =IFERROR(G49-$G$58,"") -> 1.9039224 | I49: =IFERROR(AVERAGEIFS('Regular Season'!T:T,'Regular Season'!R:R,'Summary Page'!B49,'Regular Season'!S:S,'Summary Page'!$D$30),"") -> 128.18 | J49: =IFERROR(I49-J6,"") -> 8.7064516 | K49: =IFERROR(AVERAGEIFS('Regular Season'!U:U,'Regular Season'!R:R,'Summary Page'!$D$30,'Regular Season'!S:S,'Summary Page'!B49),"") -> 93.75 | L49: =IFERROR(K49-K6,"") -> 0.67666667 | M49: =IFERROR(((I49*D35)+(K49*C35))/SUM(C35:D35),"") -> 106.66125 | N49: =IFERROR(M49-H6,"") -> -0.5225431 | O49: =IFERROR(H49-N49,"") -> 2.4264655 | AB49: 45 | AC49: Drew/Cam | AD49: Walker/Cory | AE49: =AVERAGEIFS('Regular Season'!T:T,'Regular Season'!R:R,'Summary Page'!AC49,'Regular Season'!S:S,'Summary Page'!AD49) -> 120.968 | AF49: =AE49-VLOOKUP(AC49,'Summary Page (2)'!$B$5:$K$14,9,FALSE) -> 5.1277561 | AG49: =COUNTIFS('Regular Season'!R:R,'Summary Page'!AC49,'Regular Season'!S:S,'Summary Page'!AD49) -> 5 | AH49: =AVERAGEIFS('Regular Season'!U:U,'Regular Season'!S:S,'Summary Page'!AC49,'Regular Season'!R:R,'Summary Page'!AD49) -> 79.474 | AI49: =AH49-VLOOKUP(AC49,'Summary Page (2)'!$B$5:$K$14,10,FALSE) -> -13.376761 | AJ49: =COUNTIFS('Regular Season'!R:R,'Summary Page'!AD49,'Regular Season'!S:S,'Summary Page'!AC49) -> 10 | AK49: =IFERROR(((AG49*AE49)+(AH49*AJ49))/SUM(AG49,AJ49),"") -> 93.305333 | AL49: =IFERROR(AK49-VLOOKUP(AC49,$B$5:$H$14,7,FALSE),"") -> -10.379552 | AM49: =AVERAGEIFS('Regular Season'!T:T,'Regular Season'!R:R,'Summary Page'!AD49,'Regular Season'!S:S,'Summary Page'!AC49) -> 109.038 | AN49: =AM49-VLOOKUP(AD49,'Summary Page (2)'!$B$5:$K$14,9,FALSE) -> -7.0398261 | AO49: =COUNTIFS('Regular Season'!R:R,'Summary Page'!AD49,'Regular Season'!S:S,'Summary Page'!AC49) -> 10 | AP49: =AVERAGEIFS('Regular Season'!U:U,'Regular Season'!S:S,'Summary Page'!AD49,'Regular Season'!R:R,'Summary Page'!AC49) -> 91.316 | AQ49: =AP49-VLOOKUP(AD49,'Summary Page (2)'!$B$5:$K$14,10,FALSE) -> -3.4542439 | AR49: =COUNTIFS('Regular Season'!R:R,'Summary Page'!AC49,'Regular Season'!S:S,'Summary Page'!AD49) -> 5 | AS49: =IFERROR(((AO49*AM49)+(AP49*AR49))/SUM(AO49,AR49),"") -> 103.13067 | AT49: =IFERROR(AS49-VLOOKUP(AD49,$B$5:$H$14,7,FALSE),"") -> -2.9056552 | AU49: =AL49-AT49 -> -7.4738966 | AW49: 2 | AX49: Brian/Travis | AY49: Dave/Nolan | AZ49: 121 | BA49: 3.8985714 | BB49: 4 | BC49: 100.6925 | BD49: 7.1275 | BE49: 8 | BF49: 107.46167 | BG49: 2.913 | BH49: 117.6325 | BI49: -4.8501316 | BJ49: 8 | BK49: 101.81 | BL49: 5.4921622 | BM49: 4 | BN49: 112.35833 | BO49: 2.7836667 | BP49: 0.12933333
B50: Dave/Nolan | C50: =IFERROR(AVERAGEIFS('Regular Season'!T:T,'Regular Season'!R:R,'Summary Page'!$D$30,'Regular Season'!S:S,'Summary Page'!B50),"") -> 119.586 | D50: =IFERROR(C50-$C$58,"") -> -5.5726667 | E50: =IFERROR(AVERAGEIFS('Regular Season'!U:U,'Regular Season'!S:S,'Summary Page'!$D$30,'Regular Season'!R:R,'Summary Page'!B50),"") -> 97.686 | F50: =IFERROR(E50-$E$58,"") -> -1.2611429 | G50: =IFERROR(((C50*C36)+(E50*D36))/SUM(C36:D36),"") -> 108.636 | H50: =IFERROR(G50-$G$58,"") -> -3.8688276 | I50: =IFERROR(AVERAGEIFS('Regular Season'!T:T,'Regular Season'!R:R,'Summary Page'!B50,'Regular Season'!S:S,'Summary Page'!$D$30),"") -> 126.326 | J50: =IFERROR(I50-J7,"") -> 4.6262469 | K50: =IFERROR(AVERAGEIFS('Regular Season'!U:U,'Regular Season'!R:R,'Summary Page'!$D$30,'Regular Season'!S:S,'Summary Page'!B50),"") -> 89.966 | L50: =IFERROR(K50-K7,"") -> -4.910087 | M50: =IFERROR(((I50*D36)+(K50*C36))/SUM(C36:D36),"") -> 108.146 | N50: =IFERROR(M50-H7,"") -> 0.71085549 | O50: =IFERROR(H50-N50,"") -> -4.5796831 | AB50: 46 | AC50: Eric/Blake | AD50: Brian/Travis | AE50: =AVERAGEIFS('Regular Season'!T:T,'Regular Season'!R:R,'Summary Page'!AC50,'Regular Season'!S:S,'Summary Page'!AD50) -> 116.03429 | AF50: =AE50-VLOOKUP(AC50,'Summary Page (2)'!$B$5:$K$14,9,FALSE) -> -6.3083516 | AG50: =COUNTIFS('Regular Season'!R:R,'Summary Page'!AC50,'Regular Season'!S:S,'Summary Page'!AD50) -> 7 | AH50: =AVERAGEIFS('Regular Season'!U:U,'Regular Season'!S:S,'Summary Page'!AC50,'Regular Season'!R:R,'Summary Page'!AD50) -> 106.4175 | AI50: =AH50-VLOOKUP(AC50,'Summary Page (2)'!$B$5:$K$14,10,FALSE) -> 10.0175 | AJ50: =COUNTIFS('Regular Season'!R:R,'Summary Page'!AD50,'Regular Season'!S:S,'Summary Page'!AC50) -> 8 | AK50: =IFERROR(((AG50*AE50)+(AH50*AJ50))/SUM(AG50,AJ50),"") -> 110.90533 | AL50: =IFERROR(AK50-VLOOKUP(AC50,$B$5:$H$14,7,FALSE),"") -> 0.93763218 | AM50: =AVERAGEIFS('Regular Season'!T:T,'Regular Season'!R:R,'Summary Page'!AD50,'Regular Season'!S:S,'Summary Page'!AC50) -> 125.4525 | AN50: =AM50-VLOOKUP(AD50,'Summary Page (2)'!$B$5:$K$14,9,FALSE) -> 7.5155233 | AO50: =COUNTIFS('Regular Season'!R:R,'Summary Page'!AD50,'Regular Season'!S:S,'Summary Page'!AC50) -> 8 | AP50: =AVERAGEIFS('Regular Season'!U:U,'Regular Season'!S:S,'Summary Page'!AD50,'Regular Season'!R:R,'Summary Page'!AC50) -> 95.342857 | AQ50: =AP50-VLOOKUP(AD50,'Summary Page (2)'!$B$5:$K$14,10,FALSE) -> 1.2496753 | AR50: =COUNTIFS('Regular Season'!R:R,'Summary Page'!AC50,'Regular Season'!S:S,'Summary Page'!AD50) -> 7 | AS50: =IFERROR(((AO50*AM50)+(AP50*AR50))/SUM(AO50,AR50),"") -> 111.40133 | AT50: =IFERROR(AS50-VLOOKUP(AD50,$B$5:$H$14,7,FALSE),"") -> 5.5232874 | AU50: =AL50-AT50 -> -4.5856552 | AW50: 19 | AX50: Dave/Nolan | AY50: Brian/Travis | AZ50: 117.6325 | BA50: -4.8501316 | BB50: 8 | BC50: 101.81 | BD50: 5.4921622 | BE50: 4 | BF50: 112.35833 | BG50: 2.7836667 | BH50: 121 | BI50: 3.8985714 | BJ50: 4 | BK50: 100.6925 | BL50: 7.1275 | BM50: 8 | BN50: 107.46167 | BO50: 2.913 | BP50: -0.12933333
B51: David/Marshall | C51: =IFERROR(AVERAGEIFS('Regular Season'!T:T,'Regular Season'!R:R,'Summary Page'!$D$30,'Regular Season'!S:S,'Summary Page'!B51),"") -> 116.19778 | D51: =IFERROR(C51-$C$58,"") -> -8.9608889 | E51: =IFERROR(AVERAGEIFS('Regular Season'!U:U,'Regular Season'!S:S,'Summary Page'!$D$30,'Regular Season'!R:R,'Summary Page'!B51),"") -> 92.28 | F51: =IFERROR(E51-$E$58,"") -> -6.6671429 | G51: =IFERROR(((C51*C37)+(E51*D37))/SUM(C37:D37),"") -> 108.83846 | H51: =IFERROR(G51-$G$58,"") -> -3.666366 | I51: =IFERROR(AVERAGEIFS('Regular Season'!T:T,'Regular Season'!R:R,'Summary Page'!B51,'Regular Season'!S:S,'Summary Page'!$D$30),"") -> 110.25 | J51: =IFERROR(I51-J8,"") -> -8.9381159 | K51: =IFERROR(AVERAGEIFS('Regular Season'!U:U,'Regular Season'!R:R,'Summary Page'!$D$30,'Regular Season'!S:S,'Summary Page'!B51),"") -> 87.584444 | L51: =IFERROR(K51-K8,"") -> -2.9619706 | M51: =IFERROR(((I51*D37)+(K51*C37))/SUM(C37:D37),"") -> 94.558462 | N51: =IFERROR(M51-H8,"") -> -7.280967 | O51: =IFERROR(H51-N51,"") -> 3.614601 | AB51: 47 | AC51: Eric/Blake | AD51: Clay/Ryan | AE51: =AVERAGEIFS('Regular Season'!T:T,'Regular Season'!R:R,'Summary Page'!AC51,'Regular Season'!S:S,'Summary Page'!AD51) -> 114.54222 | AF51: =AE51-VLOOKUP(AC51,'Summary Page (2)'!$B$5:$K$14,9,FALSE) -> -7.8004151 | AG51: =COUNTIFS('Regular Season'!R:R,'Summary Page'!AC51,'Regular Season'!S:S,'Summary Page'!AD51) -> 9 | AH51: =AVERAGEIFS('Regular Season'!U:U,'Regular Season'!S:S,'Summary Page'!AC51,'Regular Season'!R:R,'Summary Page'!AD51) -> 86.934 | AI51: =AH51-VLOOKUP(AC51,'Summary Page (2)'!$B$5:$K$14,10,FALSE) -> -9.466 | AJ51: =COUNTIFS('Regular Season'!R:R,'Summary Page'!AD51,'Regular Season'!S:S,'Summary Page'!AC51) -> 10 | AK51: =IFERROR(((AG51*AE51)+(AH51*AJ51))/SUM(AG51,AJ51),"") -> 100.01158 | AL51: =IFERROR(AK51-VLOOKUP(AC51,$B$5:$H$14,7,FALSE),"") -> -9.9561222 | AM51: =AVERAGEIFS('Regular Season'!T:T,'Regular Season'!R:R,'Summary Page'!AD51,'Regular Season'!S:S,'Summary Page'!AC51) -> 109.712 | AN51: =AM51-VLOOKUP(AD51,'Summary Page (2)'!$B$5:$K$14,9,FALSE) -> -9.7615484 | AO51: =COUNTIFS('Regular Season'!R:R,'Summary Page'!AD51,'Regular Season'!S:S,'Summary Page'!AC51) -> 10 | AP51: =AVERAGEIFS('Regular Season'!U:U,'Regular Season'!S:S,'Summary Page'!AD51,'Regular Season'!R:R,'Summary Page'!AC51) -> 88.766667 | AQ51: =AP51-VLOOKUP(AD51,'Summary Page (2)'!$B$5:$K$14,10,FALSE) -> -4.3066667 | AR51: =COUNTIFS('Regular Season'!R:R,'Summary Page'!AC51,'Regular Season'!S:S,'Summary Page'!AD51) -> 9 | AS51: =IFERROR(((AO51*AM51)+(AP51*AR51))/SUM(AO51,AR51),"") -> 99.790526 | AT51: =IFERROR(AS51-VLOOKUP(AD51,$B$5:$H$14,7,FALSE),"") -> -7.3932668 | AU51: =AL51-AT51 -> -2.5628554 | AW51: 59 | AX51: Graham/Michael | AY51: Drew/Cam | AZ51: 119.12545 | BA51: -3.3014899 | BB51: 11 | BC51: 100.3 | BD51: 1.9030769 | BE51: 10 | BF51: 110.16095 | BG51: 0.22961905 | BH51: 117.716 | BI51: 2.1713425 | BJ51: 10 | BK51: 91.023636 | BL51: -0.50519481 | BM51: 11 | BN51: 103.73429 | BO51: 0.51775238 | BP51: -0.28813333
B52: Drew/Cam | C52: =IFERROR(AVERAGEIFS('Regular Season'!T:T,'Regular Season'!R:R,'Summary Page'!$D$30,'Regular Season'!S:S,'Summary Page'!B52),"") -> 122.48769 | D52: =IFERROR(C52-$C$58,"") -> -2.6709744 | E52: =IFERROR(AVERAGEIFS('Regular Season'!U:U,'Regular Season'!S:S,'Summary Page'!$D$30,'Regular Season'!R:R,'Summary Page'!B52),"") -> 103.74182 | F52: =IFERROR(E52-$E$58,"") -> 4.7946753 | G52: =IFERROR(((C52*C38)+(E52*D38))/SUM(C38:D38),"") -> 113.89583 | H52: =IFERROR(G52-$G$58,"") -> 1.3910057 | I52: =IFERROR(AVERAGEIFS('Regular Season'!T:T,'Regular Season'!R:R,'Summary Page'!B52,'Regular Season'!S:S,'Summary Page'!$D$30),"") -> 121.6 | J52: =IFERROR(I52-J9,"") -> 5.7597561 | K52: =IFERROR(AVERAGEIFS('Regular Season'!U:U,'Regular Season'!R:R,'Summary Page'!$D$30,'Regular Season'!S:S,'Summary Page'!B52),"") -> 92.315385 | L52: =IFERROR(K52-K9,"") -> -0.53537625 | M52: =IFERROR(((I52*D38)+(K52*C38))/SUM(C38:D38),"") -> 105.7375 | N52: =IFERROR(M52-H9,"") -> 2.0526149 | O52: =IFERROR(H52-N52,"") -> -0.6616092 | AB52: 48 | AC52: Eric/Blake | AD52: Dave/Nolan | AE52: =AVERAGEIFS('Regular Season'!T:T,'Regular Season'!R:R,'Summary Page'!AC52,'Regular Season'!S:S,'Summary Page'!AD52) -> 129.83667 | AF52: =AE52-VLOOKUP(AC52,'Summary Page (2)'!$B$5:$K$14,9,FALSE) -> 7.4940293 | AG52: =COUNTIFS('Regular Season'!R:R,'Summary Page'!AC52,'Regular Season'!S:S,'Summary Page'!AD52) -> 12 | AH52: =AVERAGEIFS('Regular Season'!U:U,'Regular Season'!S:S,'Summary Page'!AC52,'Regular Season'!R:R,'Summary Page'!AD52) -> 92.761818 | AI52: =AH52-VLOOKUP(AC52,'Summary Page (2)'!$B$5:$K$14,10,FALSE) -> -3.6381818 | AJ52: =COUNTIFS('Regular Season'!R:R,'Summary Page'!AD52,'Regular Season'!S:S,'Summary Page'!AC52) -> 11 | AK52: =IFERROR(((AG52*AE52)+(AH52*AJ52))/SUM(AG52,AJ52),"") -> 112.10522 | AL52: =IFERROR(AK52-VLOOKUP(AC52,$B$5:$H$14,7,FALSE),"") -> 2.1375162 | AM52: =AVERAGEIFS('Regular Season'!T:T,'Regular Season'!R:R,'Summary Page'!AD52,'Regular Season'!S:S,'Summary Page'!AC52) -> 126.67818 | AN52: =AM52-VLOOKUP(AD52,'Summary Page (2)'!$B$5:$K$14,9,FALSE) -> 4.9784287 | AO52: =COUNTIFS('Regular Season'!R:R,'Summary Page'!AD52,'Regular Season'!S:S,'Summary Page'!AC52) -> 11 | AP52: =AVERAGEIFS('Regular Season'!U:U,'Regular Season'!S:S,'Summary Page'!AD52,'Regular Season'!R:R,'Summary Page'!AC52) -> 100.96833 | AQ52: =AP52-VLOOKUP(AD52,'Summary Page (2)'!$B$5:$K$14,10,FALSE) -> 6.0922464 | AR52: =COUNTIFS('Regular Season'!R:R,'Summary Page'!AC52,'Regular Season'!S:S,'Summary Page'!AD52) -> 12 | AS52: =IFERROR(((AO52*AM52)+(AP52*AR52))/SUM(AO52,AR52),"") -> 113.26435 | AT52: =IFERROR(AS52-VLOOKUP(AD52,$B$5:$H$14,7,FALSE),"") -> 5.8292033 | AU52: =AL52-AT52 -> -3.6916871 | AW52: 12 | AX52: Clay/Ryan | AY52: David/Marshall | AZ52: 117.42286 | BA52: -1.5556239 | BB52: 14 | BC52: 93.02 | BD52: 0.19802817 | BE52: 6 | BF52: 110.102 | BG52: 3.5042667 | BH52: 133.11 | BI52: 15.246786 | BJ52: 6 | BK52: 92.73 | BL52: 1.8342553 | BM52: 14 | BN52: 104.844 | BO52: 3.8804 | BP52: -0.37613333
B53: Eric/Blake | C53: =IFERROR(AVERAGEIFS('Regular Season'!T:T,'Regular Season'!R:R,'Summary Page'!$D$30,'Regular Season'!S:S,'Summary Page'!B53),"") -> 130.83714 | D53: =IFERROR(C53-$C$58,"") -> 5.6784762 | E53: =IFERROR(AVERAGEIFS('Regular Season'!U:U,'Regular Season'!S:S,'Summary Page'!$D$30,'Regular Season'!R:R,'Summary Page'!B53),"") -> 101.165 | F53: =IFERROR(E53-$E$58,"") -> 2.2178571 | G53: =IFERROR(((C53*C39)+(E53*D39))/SUM(C39:D39),"") -> 112.09684 | H53: =IFERROR(G53-$G$58,"") -> -0.40798548 | I53: =IFERROR(AVERAGEIFS('Regular Season'!T:T,'Regular Season'!R:R,'Summary Page'!B53,'Regular Season'!S:S,'Summary Page'!$D$30),"") -> 134.945 | J53: =IFERROR(I53-J10,"") -> 12.602363 | K53: =IFERROR(AVERAGEIFS('Regular Season'!U:U,'Regular Season'!R:R,'Summary Page'!$D$30,'Regular Season'!S:S,'Summary Page'!B53),"") -> 106.33714 | L53: =IFERROR(K53-K10,"") -> 9.9371429 | M53: =IFERROR(((I53*D39)+(K53*C39))/SUM(C39:D39),"") -> 124.40526 | N53: =IFERROR(M53-H10,"") -> 14.437562 | O53: =IFERROR(H53-N53,"") -> -14.845547 | AB53: 49 | AC53: Eric/Blake | AD53: David/Marshall | AE53: =AVERAGEIFS('Regular Season'!T:T,'Regular Season'!R:R,'Summary Page'!AC53,'Regular Season'!S:S,'Summary Page'!AD53) -> 119.535 | AF53: =AE53-VLOOKUP(AC53,'Summary Page (2)'!$B$5:$K$14,9,FALSE) -> -2.8076374 | AG53: =COUNTIFS('Regular Season'!R:R,'Summary Page'!AC53,'Regular Season'!S:S,'Summary Page'!AD53) -> 12 | AH53: =AVERAGEIFS('Regular Season'!U:U,'Regular Season'!S:S,'Summary Page'!AC53,'Regular Season'!R:R,'Summary Page'!AD53) -> 85.4975 | AI53: =AH53-VLOOKUP(AC53,'Summary Page (2)'!$B$5:$K$14,10,FALSE) -> -10.9025 | AJ53: =COUNTIFS('Regular Season'!R:R,'Summary Page'!AD53,'Regular Season'!S:S,'Summary Page'!AC53) -> 8 | AK53: =IFERROR(((AG53*AE53)+(AH53*AJ53))/SUM(AG53,AJ53),"") -> 105.92 | AL53: =IFERROR(AK53-VLOOKUP(AC53,$B$5:$H$14,7,FALSE),"") -> -4.0477011 | AM53: =AVERAGEIFS('Regular Season'!T:T,'Regular Season'!R:R,'Summary Page'!AD53,'Regular Season'!S:S,'Summary Page'!AC53) -> 115.4475 | AN53: =AM53-VLOOKUP(AD53,'Summary Page (2)'!$B$5:$K$14,9,FALSE) -> -3.7406159 | AO53: =COUNTIFS('Regular Season'!R:R,'Summary Page'!AD53,'Regular Season'!S:S,'Summary Page'!AC53) -> 8 | AP53: =AVERAGEIFS('Regular Season'!U:U,'Regular Season'!S:S,'Summary Page'!AD53,'Regular Season'!R:R,'Summary Page'!AC53) -> 94.175 | AQ53: =AP53-VLOOKUP(AD53,'Summary Page (2)'!$B$5:$K$14,10,FALSE) -> 3.6285849 | AR53: =COUNTIFS('Regular Season'!R:R,'Summary Page'!AC53,'Regular Season'!S:S,'Summary Page'!AD53) -> 12 | AS53: =IFERROR(((AO53*AM53)+(AP53*AR53))/SUM(AO53,AR53),"") -> 102.684 | AT53: =IFERROR(AS53-VLOOKUP(AD53,$B$5:$H$14,7,FALSE),"") -> 0.84457143 | AU53: =AL53-AT53 -> -4.8922726 | AW53: 1 | AX53: Brian/Travis | AY53: Clay/Ryan | AZ53: 103.31556 | BA53: -13.785873 | BB53: 9 | BC53: 89.8425 | BD53: -3.7225 | BE53: 8 | BF53: 96.975294 | BG53: -7.5733725 | BH53: 119.9975 | BI53: 1.019019 | BJ53: 8 | BK53: 81.577778 | BL53: -11.244194 | BM53: 9 | BN53: 99.657647 | BO53: -6.9400863 | BP53: -0.63328627
B54: Graham/Michael | C54: =IFERROR(AVERAGEIFS('Regular Season'!T:T,'Regular Season'!R:R,'Summary Page'!$D$30,'Regular Season'!S:S,'Summary Page'!B54),"") | D54: =IFERROR(C54-$C$58,"") | E54: =IFERROR(AVERAGEIFS('Regular Season'!U:U,'Regular Season'!S:S,'Summary Page'!$D$30,'Regular Season'!R:R,'Summary Page'!B54),"") | F54: =IFERROR(E54-$E$58,"") | G54: =IFERROR(((C54*C40)+(E54*D40))/SUM(C40:D40),"") | H54: =IFERROR(G54-$G$58,"") | I54: =IFERROR(AVERAGEIFS('Regular Season'!T:T,'Regular Season'!R:R,'Summary Page'!B54,'Regular Season'!S:S,'Summary Page'!$D$30),"") | J54: =IFERROR(I54-J11,"") | K54: =IFERROR(AVERAGEIFS('Regular Season'!U:U,'Regular Season'!R:R,'Summary Page'!$D$30,'Regular Season'!S:S,'Summary Page'!B54),"") | L54: =IFERROR(K54-K11,"") | M54: =IFERROR(((I54*D40)+(K54*C40))/SUM(C40:D40),"") | N54: =IFERROR(M54-H11,"") | O54: =IFERROR(H54-N54,"") | AB54: 50 | AC54: Eric/Blake | AD54: Drew/Cam | AE54: =AVERAGEIFS('Regular Season'!T:T,'Regular Season'!R:R,'Summary Page'!AC54,'Regular Season'!S:S,'Summary Page'!AD54) -> 130.87 | AF54: =AE54-VLOOKUP(AC54,'Summary Page (2)'!$B$5:$K$14,9,FALSE) -> 8.5273626 | AG54: =COUNTIFS('Regular Season'!R:R,'Summary Page'!AC54,'Regular Season'!S:S,'Summary Page'!AD54) -> 6 | AH54: =AVERAGEIFS('Regular Season'!U:U,'Regular Season'!S:S,'Summary Page'!AC54,'Regular Season'!R:R,'Summary Page'!AD54) -> 100.705 | AI54: =AH54-VLOOKUP(AC54,'Summary Page (2)'!$B$5:$K$14,10,FALSE) -> 4.305 | AJ54: =COUNTIFS('Regular Season'!R:R,'Summary Page'!AD54,'Regular Season'!S:S,'Summary Page'!AC54) -> 8 | AK54: =IFERROR(((AG54*AE54)+(AH54*AJ54))/SUM(AG54,AJ54),"") -> 113.63286 | AL54: =IFERROR(AK54-VLOOKUP(AC54,$B$5:$H$14,7,FALSE),"") -> 3.665156 | AM54: =AVERAGEIFS('Regular Season'!T:T,'Regular Season'!R:R,'Summary Page'!AD54,'Regular Season'!S:S,'Summary Page'!AC54) -> 123.8725 | AN54: =AM54-VLOOKUP(AD54,'Summary Page (2)'!$B$5:$K$14,9,FALSE) -> 8.0322561 | AO54: =COUNTIFS('Regular Season'!R:R,'Summary Page'!AD54,'Regular Season'!S:S,'Summary Page'!AC54) -> 8 | AP54: =AVERAGEIFS('Regular Season'!U:U,'Regular Season'!S:S,'Summary Page'!AD54,'Regular Season'!R:R,'Summary Page'!AC54) -> 102.90667 | AQ54: =AP54-VLOOKUP(AD54,'Summary Page (2)'!$B$5:$K$14,10,FALSE) -> 10.055906 | AR54: =COUNTIFS('Regular Season'!R:R,'Summary Page'!AC54,'Regular Season'!S:S,'Summary Page'!AD54) -> 6 | AS54: =IFERROR(((AO54*AM54)+(AP54*AR54))/SUM(AO54,AR54),"") -> 114.88714 | AT54: =IFERROR(AS54-VLOOKUP(AD54,$B$5:$H$14,7,FALSE),"") -> 11.202258 | AU54: =AL54-AT54 -> -7.5371018 | AW54: 39 | AX54: Drew/Cam | AY54: Dave/Nolan | AZ54: 115.19 | BA54: -0.35465753 | BB54: 6 | BC54: 87.611429 | BD54: -3.9174026 | BE54: 7 | BF54: 100.34 | BG54: -2.8765333 | BH54: 122.48 | BI54: -0.0026315789 | BJ54: 7 | BK54: 89.853333 | BL54: -6.4645045 | BM54: 6 | BN54: 107.42154 | BO54: -2.1531282 | BP54: -0.72340513
B55: Pat/Tucker | C55: =IFERROR(AVERAGEIFS('Regular Season'!T:T,'Regular Season'!R:R,'Summary Page'!$D$30,'Regular Season'!S:S,'Summary Page'!B55),"") -> 134.18154 | D55: =IFERROR(C55-$C$58,"") -> 9.0228718 | E55: =IFERROR(AVERAGEIFS('Regular Season'!U:U,'Regular Season'!S:S,'Summary Page'!$D$30,'Regular Season'!R:R,'Summary Page'!B55),"") -> 105.51 | F55: =IFERROR(E55-$E$58,"") -> 6.5628571 | G55: =IFERROR(((C55*C41)+(E55*D41))/SUM(C41:D41),"") -> 121.71565 | H55: =IFERROR(G55-$G$58,"") -> 9.2108246 | I55: =IFERROR(AVERAGEIFS('Regular Season'!T:T,'Regular Season'!R:R,'Summary Page'!B55,'Regular Season'!S:S,'Summary Page'!$D$30),"") -> 122.97 | J55: =IFERROR(I55-J12,"") -> 2.527619 | K55: =IFERROR(AVERAGEIFS('Regular Season'!U:U,'Regular Season'!R:R,'Summary Page'!$D$30,'Regular Season'!S:S,'Summary Page'!B55),"") -> 99.646154 | L55: =IFERROR(K55-K12,"") -> 5.140472 | M55: =IFERROR(((I55*D41)+(K55*C41))/SUM(C41:D41),"") -> 109.78696 | N55: =IFERROR(M55-H12,"") -> 2.6145147 | O55: =IFERROR(H55-N55,"") -> 6.5963099 | AB55: 51 | AC55: Eric/Blake | AD55: Graham/Michael | AE55: =AVERAGEIFS('Regular Season'!T:T,'Regular Season'!R:R,'Summary Page'!AC55,'Regular Season'!S:S,'Summary Page'!AD55) -> 134.945 | AF55: =AE55-VLOOKUP(AC55,'Summary Page (2)'!$B$5:$K$14,9,FALSE) -> 12.602363 | AG55: =COUNTIFS('Regular Season'!R:R,'Summary Page'!AC55,'Regular Season'!S:S,'Summary Page'!AD55) -> 12 | AH55: =AVERAGEIFS('Regular Season'!U:U,'Regular Season'!S:S,'Summary Page'!AC55,'Regular Season'!R:R,'Summary Page'!AD55) -> 106.33714 | AI55: =AH55-VLOOKUP(AC55,'Summary Page (2)'!$B$5:$K$14,10,FALSE) -> 9.9371429 | AJ55: =COUNTIFS('Regular Season'!R:R,'Summary Page'!AD55,'Regular Season'!S:S,'Summary Page'!AC55) -> 7 | AK55: =IFERROR(((AG55*AE55)+(AH55*AJ55))/SUM(AG55,AJ55),"") -> 124.40526 | AL55: =IFERROR(AK55-VLOOKUP(AC55,$B$5:$H$14,7,FALSE),"") -> 14.437562 | AM55: =AVERAGEIFS('Regular Season'!T:T,'Regular Season'!R:R,'Summary Page'!AD55,'Regular Season'!S:S,'Summary Page'!AC55) -> 130.83714 | AN55: =AM55-VLOOKUP(AD55,'Summary Page (2)'!$B$5:$K$14,9,FALSE) -> 5.6784762 | AO55: =COUNTIFS('Regular Season'!R:R,'Summary Page'!AD55,'Regular Season'!S:S,'Summary Page'!AC55) -> 7 | AP55: =AVERAGEIFS('Regular Season'!U:U,'Regular Season'!S:S,'Summary Page'!AD55,'Regular Season'!R:R,'Summary Page'!AC55) -> 101.165 | AQ55: =AP55-VLOOKUP(AD55,'Summary Page (2)'!$B$5:$K$14,10,FALSE) -> 2.2178571 | AR55: =COUNTIFS('Regular Season'!R:R,'Summary Page'!AC55,'Regular Season'!S:S,'Summary Page'!AD55) -> 12 | AS55: =IFERROR(((AO55*AM55)+(AP55*AR55))/SUM(AO55,AR55),"") -> 112.09684 | AT55: =IFERROR(AS55-VLOOKUP(AD55,$B$5:$H$14,7,FALSE),"") -> -0.40798548 | AU55: =AL55-AT55 -> 14.845547 | AW55: 47 | AX55: Eric/Blake | AY55: Clay/Ryan | AZ55: 114.54222 | BA55: -7.8522082 | BB55: 9 | BC55: 86.0475 | BD55: -10.99588 | BE55: 8 | BF55: 101.13294 | BG55: -9.2619922 | BH55: 108.655 | BI55: -10.323481 | BJ55: 8 | BK55: 88.766667 | BL55: -4.0553052 | BM55: 9 | BN55: 98.125882 | BO55: -8.471851 | BP55: -0.79014118
B56: Trent/Colin | C56: =IFERROR(AVERAGEIFS('Regular Season'!T:T,'Regular Season'!R:R,'Summary Page'!$D$30,'Regular Season'!S:S,'Summary Page'!B56),"") -> 116.61333 | D56: =IFERROR(C56-$C$58,"") -> -8.5453333 | E56: =IFERROR(AVERAGEIFS('Regular Season'!U:U,'Regular Season'!S:S,'Summary Page'!$D$30,'Regular Season'!R:R,'Summary Page'!B56),"") -> 100.354 | F56: =IFERROR(E56-$E$58,"") -> 1.4068571 | G56: =IFERROR(((C56*C42)+(E56*D42))/SUM(C42:D42),"") -> 108.05579 | H56: =IFERROR(G56-$G$58,"") -> -4.4490381 | I56: =IFERROR(AVERAGEIFS('Regular Season'!T:T,'Regular Season'!R:R,'Summary Page'!B56,'Regular Season'!S:S,'Summary Page'!$D$30),"") -> 128.782 | J56: =IFERROR(I56-J13,"") -> 8.0257255 | K56: =IFERROR(AVERAGEIFS('Regular Season'!U:U,'Regular Season'!R:R,'Summary Page'!$D$30,'Regular Season'!S:S,'Summary Page'!B56),"") -> 104.06 | L56: =IFERROR(K56-K13,"") -> 7.3675676 | M56: =IFERROR(((I56*D42)+(K56*C42))/SUM(C42:D42),"") -> 117.07158 | N56: =IFERROR(M56-H13,"") -> 6.4330562 | O56: =IFERROR(H56-N56,"") -> -10.882094 | AB56: 52 | AC56: Eric/Blake | AD56: Pat/Tucker | AE56: =AVERAGEIFS('Regular Season'!T:T,'Regular Season'!R:R,'Summary Page'!AC56,'Regular Season'!S:S,'Summary Page'!AD56) -> 134.75333 | AF56: =AE56-VLOOKUP(AC56,'Summary Page (2)'!$B$5:$K$14,9,FALSE) -> 12.410696 | AG56: =COUNTIFS('Regular Season'!R:R,'Summary Page'!AC56,'Regular Season'!S:S,'Summary Page'!AD56) -> 9 | AH56: =AVERAGEIFS('Regular Season'!U:U,'Regular Season'!S:S,'Summary Page'!AC56,'Regular Season'!R:R,'Summary Page'!AD56) -> 104.81818 | AI56: =AH56-VLOOKUP(AC56,'Summary Page (2)'!$B$5:$K$14,10,FALSE) -> 8.4181818 | AJ56: =COUNTIFS('Regular Season'!R:R,'Summary Page'!AD56,'Regular Season'!S:S,'Summary Page'!AC56) -> 11 | AK56: =IFERROR(((AG56*AE56)+(AH56*AJ56))/SUM(AG56,AJ56),"") -> 118.289 | AL56: =IFERROR(AK56-VLOOKUP(AC56,$B$5:$H$14,7,FALSE),"") -> 8.3212989 | AM56: =AVERAGEIFS('Regular Season'!T:T,'Regular Season'!R:R,'Summary Page'!AD56,'Regular Season'!S:S,'Summary Page'!AC56) -> 122.71818 | AN56: =AM56-VLOOKUP(AD56,'Summary Page (2)'!$B$5:$K$14,9,FALSE) -> 2.2758009 | AO56: =COUNTIFS('Regular Season'!R:R,'Summary Page'!AD56,'Regular Season'!S:S,'Summary Page'!AC56) -> 11 | AP56: =AVERAGEIFS('Regular Season'!U:U,'Regular Season'!S:S,'Summary Page'!AD56,'Regular Season'!R:R,'Summary Page'!AC56) -> 101.32222 | AQ56: =AP56-VLOOKUP(AD56,'Summary Page (2)'!$B$5:$K$14,10,FALSE) -> 6.8165404 | AR56: =COUNTIFS('Regular Season'!R:R,'Summary Page'!AC56,'Regular Season'!S:S,'Summary Page'!AD56) -> 9 | AS56: =IFERROR(((AO56*AM56)+(AP56*AR56))/SUM(AO56,AR56),"") -> 113.09 | AT56: =IFERROR(AS56-VLOOKUP(AD56,$B$5:$H$14,7,FALSE),"") -> 5.9175581 | AU56: =AL56-AT56 -> 2.4037407 | AW56: 17 | AX56: Clay/Ryan | AY56: Trent/Colin | AZ56: 115.74857 | BA56: -3.2299096 | BB56: 7 | BC56: 96.933333 | BD56: 4.1113615 | BE56: 9 | BF56: 105.165 | BG56: -1.4327333 | BH56: 123.93556 | BI56: 2.8492634 | BJ56: 9 | BK56: 91.588571 | BL56: -3.1973302 | BM56: 7 | BN56: 109.78375 | BO56: -0.60705 | BP56: -0.82568333
B57: Walker/Cory | C57: =IFERROR(AVERAGEIFS('Regular Season'!T:T,'Regular Season'!R:R,'Summary Page'!$D$30,'Regular Season'!S:S,'Summary Page'!B57),"") -> 132.84 | D57: =IFERROR(C57-$C$58,"") -> 7.6813333 | E57: =IFERROR(AVERAGEIFS('Regular Season'!U:U,'Regular Season'!S:S,'Summary Page'!$D$30,'Regular Season'!R:R,'Summary Page'!B57),"") -> 94.001667 | F57: =IFERROR(E57-$E$58,"") -> -4.9454762 | G57: =IFERROR(((C57*C43)+(E57*D43))/SUM(C43:D43),"") -> 109.537 | H57: =IFERROR(G57-$G$58,"") -> -2.9678276 | I57: =IFERROR(AVERAGEIFS('Regular Season'!T:T,'Regular Season'!R:R,'Summary Page'!B57,'Regular Season'!S:S,'Summary Page'!$D$30),"") -> 123.915 | J57: =IFERROR(I57-J14,"") -> 7.8371739 | K57: =IFERROR(AVERAGEIFS('Regular Season'!U:U,'Regular Season'!R:R,'Summary Page'!$D$30,'Regular Season'!S:S,'Summary Page'!B57),"") -> 112.0075 | L57: =IFERROR(K57-K14,"") -> 17.237256 | M57: =IFERROR(((I57*D43)+(K57*C43))/SUM(C43:D43),"") -> 119.152 | N57: =IFERROR(M57-H14,"") -> 13.115678 | O57: =IFERROR(H57-N57,"") -> -16.083506 | AB57: 53 | AC57: Eric/Blake | AD57: Trent/Colin | AE57: =AVERAGEIFS('Regular Season'!T:T,'Regular Season'!R:R,'Summary Page'!AC57,'Regular Season'!S:S,'Summary Page'!AD57) -> 121.96 | AF57: =AE57-VLOOKUP(AC57,'Summary Page (2)'!$B$5:$K$14,9,FALSE) -> -0.38263736 | AG57: =COUNTIFS('Regular Season'!R:R,'Summary Page'!AC57,'Regular Season'!S:S,'Summary Page'!AD57) -> 13 | AH57: =AVERAGEIFS('Regular Season'!U:U,'Regular Season'!S:S,'Summary Page'!AC57,'Regular Season'!R:R,'Summary Page'!AD57) -> 89.8375 | AI57: =AH57-VLOOKUP(AC57,'Summary Page (2)'!$B$5:$K$14,10,FALSE) -> -6.5625 | AJ57: =COUNTIFS('Regular Season'!R:R,'Summary Page'!AD57,'Regular Season'!S:S,'Summary Page'!AC57) -> 8 | AK57: =IFERROR(((AG57*AE57)+(AH57*AJ57))/SUM(AG57,AJ57),"") -> 109.72286 | AL57: =IFERROR(AK57-VLOOKUP(AC57,$B$5:$H$14,7,FALSE),"") -> -0.24484401 | AM57: =AVERAGEIFS('Regular Season'!T:T,'Regular Season'!R:R,'Summary Page'!AD57,'Regular Season'!S:S,'Summary Page'!AC57) -> 117.845 | AN57: =AM57-VLOOKUP(AD57,'Summary Page (2)'!$B$5:$K$14,9,FALSE) -> -2.9112745 | AO57: =COUNTIFS('Regular Season'!R:R,'Summary Page'!AD57,'Regular Season'!S:S,'Summary Page'!AC57) -> 8 | AP57: =AVERAGEIFS('Regular Season'!U:U,'Regular Season'!S:S,'Summary Page'!AD57,'Regular Season'!R:R,'Summary Page'!AC57) -> 103.93692 | AQ57: =AP57-VLOOKUP(AD57,'Summary Page (2)'!$B$5:$K$14,10,FALSE) -> 7.2444906 | AR57: =COUNTIFS('Regular Season'!R:R,'Summary Page'!AC57,'Regular Season'!S:S,'Summary Page'!AD57) -> 13 | AS57: =IFERROR(((AO57*AM57)+(AP57*AR57))/SUM(AO57,AR57),"") -> 109.23524 | AT57: =IFERROR(AS57-VLOOKUP(AD57,$B$5:$H$14,7,FALSE),"") -> -1.4032846 | AU57: =AL57-AT57 -> 1.1584406 | AW57: 8 | AX57: Brian/Travis | AY57: Trent/Colin | AZ57: 114.47 | BA57: -2.6314286 | BB57: 6 | BC57: 98.6425 | BD57: 5.0775 | BE57: 16 | BF57: 102.95909 | BG57: -1.5895758 | BH57: 119.33125 | BI57: -1.7550421 | BJ57: 16 | BK57: 83.94 | BL57: -10.845902 | BM57: 6 | BN57: 109.67909 | BO57: -0.71170909 | BP57: -0.87786667
B58: Overall | C58: =VLOOKUP(D30,B5:K14,9,FALSE) -> 125.15867 | E58: =VLOOKUP(D30,B5:K14,10,FALSE) -> 98.947143 | G58: =VLOOKUP(D30,B5:H14,7,FALSE) -> 112.50483 | O58: =AVERAGE(O48:O57) -> -3.7958717 | AB58: 54 | AC58: Eric/Blake | AD58: Walker/Cory | AE58: =AVERAGEIFS('Regular Season'!T:T,'Regular Season'!R:R,'Summary Page'!AC58,'Regular Season'!S:S,'Summary Page'!AD58) -> 99.525455 | AF58: =AE58-VLOOKUP(AC58,'Summary Page (2)'!$B$5:$K$14,9,FALSE) -> -22.817183 | AG58: =COUNTIFS('Regular Season'!R:R,'Summary Page'!AC58,'Regular Season'!S:S,'Summary Page'!AD58) -> 11 | AH58: =AVERAGEIFS('Regular Season'!U:U,'Regular Season'!S:S,'Summary Page'!AC58,'Regular Season'!R:R,'Summary Page'!AD58) -> 96.205 | AI58: =AH58-VLOOKUP(AC58,'Summary Page (2)'!$B$5:$K$14,10,FALSE) -> -0.195 | AJ58: =COUNTIFS('Regular Season'!R:R,'Summary Page'!AD58,'Regular Season'!S:S,'Summary Page'!AC58) -> 12 | AK58: =IFERROR(((AG58*AE58)+(AH58*AJ58))/SUM(AG58,AJ58),"") -> 97.793043 | AL58: =IFERROR(AK58-VLOOKUP(AC58,$B$5:$H$14,7,FALSE),"") -> -12.174658 | AM58: =AVERAGEIFS('Regular Season'!T:T,'Regular Season'!R:R,'Summary Page'!AD58,'Regular Season'!S:S,'Summary Page'!AC58) -> 111.77333 | AN58: =AM58-VLOOKUP(AD58,'Summary Page (2)'!$B$5:$K$14,9,FALSE) -> -4.3044928 | AO58: =COUNTIFS('Regular Season'!R:R,'Summary Page'!AD58,'Regular Season'!S:S,'Summary Page'!AC58) -> 12 | AP58: =AVERAGEIFS('Regular Season'!U:U,'Regular Season'!S:S,'Summary Page'!AD58,'Regular Season'!R:R,'Summary Page'!AC58) -> 91.318182 | AQ58: =AP58-VLOOKUP(AD58,'Summary Page (2)'!$B$5:$K$14,10,FALSE) -> -3.4520621 | AR58: =COUNTIFS('Regular Season'!R:R,'Summary Page'!AC58,'Regular Season'!S:S,'Summary Page'!AD58) -> 11 | AS58: =IFERROR(((AO58*AM58)+(AP58*AR58))/SUM(AO58,AR58),"") -> 101.99043 | AT58: =IFERROR(AS58-VLOOKUP(AD58,$B$5:$H$14,7,FALSE),"") -> -4.0458871 | AU58: =AL58-AT58 -> -8.1287706 | AW58: 81 | AX58: Trent/Colin | AY58: Walker/Cory | AZ58: 123.412 | BA58: 2.3257079 | BB58: 5 | BC58: 93.02 | BD58: -1.7659016 | BE58: 6 | BF58: 106.83455 | BG58: -3.5562545 | BH58: 114.97333 | BI58: -2.613252 | BJ58: 6 | BK58: 90.136 | BL58: -2.5875294 | BM58: 5 | BN58: 103.68364 | BO58: -2.631697 | BP58: -0.92455758
AB59: 55 | AC59: Graham/Michael | AD59: Brian/Travis | AE59: =AVERAGEIFS('Regular Season'!T:T,'Regular Season'!R:R,'Summary Page'!AC59,'Regular Season'!S:S,'Summary Page'!AD59) -> 128.71273 | AF59: =AE59-VLOOKUP(AC59,'Summary Page (2)'!$B$5:$K$14,9,FALSE) -> 3.5540606 | AG59: =COUNTIFS('Regular Season'!R:R,'Summary Page'!AC59,'Regular Season'!S:S,'Summary Page'!AD59) -> 11 | AH59: =AVERAGEIFS('Regular Season'!U:U,'Regular Season'!S:S,'Summary Page'!AC59,'Regular Season'!R:R,'Summary Page'!AD59) -> 92.804444 | AI59: =AH59-VLOOKUP(AC59,'Summary Page (2)'!$B$5:$K$14,10,FALSE) -> -6.1426984 | AJ59: =COUNTIFS('Regular Season'!R:R,'Summary Page'!AD59,'Regular Season'!S:S,'Summary Page'!AC59) -> 9 | AK59: =IFERROR(((AG59*AE59)+(AH59*AJ59))/SUM(AG59,AJ59),"") -> 112.554 | AL59: =IFERROR(AK59-VLOOKUP(AC59,$B$5:$H$14,7,FALSE),"") -> 0.049172414 | AM59: =AVERAGEIFS('Regular Season'!T:T,'Regular Season'!R:R,'Summary Page'!AD59,'Regular Season'!S:S,'Summary Page'!AC59) -> 114.09556 | AN59: =AM59-VLOOKUP(AD59,'Summary Page (2)'!$B$5:$K$14,9,FALSE) -> -3.8414212 | AO59: =COUNTIFS('Regular Season'!R:R,'Summary Page'!AD59,'Regular Season'!S:S,'Summary Page'!AC59) -> 9 | AP59: =AVERAGEIFS('Regular Season'!U:U,'Regular Season'!S:S,'Summary Page'!AD59,'Regular Season'!R:R,'Summary Page'!AC59) -> 98.785455 | AQ59: =AP59-VLOOKUP(AD59,'Summary Page (2)'!$B$5:$K$14,10,FALSE) -> 4.6922727 | AR59: =COUNTIFS('Regular Season'!R:R,'Summary Page'!AC59,'Regular Season'!S:S,'Summary Page'!AD59) -> 11 | AS59: =IFERROR(((AO59*AM59)+(AP59*AR59))/SUM(AO59,AR59),"") -> 105.675 | AT59: =IFERROR(AS59-VLOOKUP(AD59,$B$5:$H$14,7,FALSE),"") -> -0.20304598 | AU59: =AL59-AT59 -> 0.25221839 | AW59: 43 | AX59: Drew/Cam | AY59: Pat/Tucker | AZ59: 118.828 | BA59: 3.2833425 | BB59: 10 | BC59: 86.7425 | BD59: -4.7863312 | BE59: 8 | BF59: 104.56778 | BG59: 1.3512444 | BH59: 115.965 | BI59: -4.6082432 | BJ59: 8 | BK59: 103.87 | BL59: 10.472105 | BM59: 10 | BN59: 109.24556 | BO59: 2.4411556 | BP59: -1.0899111
C60: Avg O/U | AB60: 56 | AC60: Graham/Michael | AD60: Clay/Ryan | AE60: =AVERAGEIFS('Regular Season'!T:T,'Regular Season'!R:R,'Summary Page'!AC60,'Regular Season'!S:S,'Summary Page'!AD60) -> 124.2 | AF60: =AE60-VLOOKUP(AC60,'Summary Page (2)'!$B$5:$K$14,9,FALSE) -> -0.95866667 | AG60: =COUNTIFS('Regular Season'!R:R,'Summary Page'!AC60,'Regular Season'!S:S,'Summary Page'!AD60) -> 10 | AH60: =AVERAGEIFS('Regular Season'!U:U,'Regular Season'!S:S,'Summary Page'!AC60,'Regular Season'!R:R,'Summary Page'!AD60) -> 98.09 | AI60: =AH60-VLOOKUP(AC60,'Summary Page (2)'!$B$5:$K$14,10,FALSE) -> -0.85714286 | AJ60: =COUNTIFS('Regular Season'!R:R,'Summary Page'!AD60,'Regular Season'!S:S,'Summary Page'!AC60) -> 6 | AK60: =IFERROR(((AG60*AE60)+(AH60*AJ60))/SUM(AG60,AJ60),"") -> 114.40875 | AL60: =IFERROR(AK60-VLOOKUP(AC60,$B$5:$H$14,7,FALSE),"") -> 1.9039224 | AM60: =AVERAGEIFS('Regular Season'!T:T,'Regular Season'!R:R,'Summary Page'!AD60,'Regular Season'!S:S,'Summary Page'!AC60) -> 128.18 | AN60: =AM60-VLOOKUP(AD60,'Summary Page (2)'!$B$5:$K$14,9,FALSE) -> 8.7064516 | AO60: =COUNTIFS('Regular Season'!R:R,'Summary Page'!AD60,'Regular Season'!S:S,'Summary Page'!AC60) -> 6 | AP60: =AVERAGEIFS('Regular Season'!U:U,'Regular Season'!S:S,'Summary Page'!AD60,'Regular Season'!R:R,'Summary Page'!AC60) -> 93.75 | AQ60: =AP60-VLOOKUP(AD60,'Summary Page (2)'!$B$5:$K$14,10,FALSE) -> 0.67666667 | AR60: =COUNTIFS('Regular Season'!R:R,'Summary Page'!AC60,'Regular Season'!S:S,'Summary Page'!AD60) -> 10 | AS60: =IFERROR(((AO60*AM60)+(AP60*AR60))/SUM(AO60,AR60),"") -> 106.66125 | AT60: =IFERROR(AS60-VLOOKUP(AD60,$B$5:$H$14,7,FALSE),"") -> -0.5225431 | AU60: =AL60-AT60 -> 2.4264655 | AW60: 78 | AX60: Trent/Colin | AY60: Eric/Blake | AZ60: 116.11429 | BA60: -4.9720064 | BB60: 7 | BC60: 103.33273 | BD60: 8.5468256 | BE60: 11 | BF60: 108.30333 | BG60: -2.0874667 | BH60: 122.56545 | BI60: 0.17102417 | BJ60: 11 | BK60: 88.954286 | BL60: -8.0890946 | BM60: 7 | BN60: 109.49444 | BO60: -0.90048889 | BP60: -1.1869778
B61: Brian/Travis | C61: 2.8 | AB61: 57 | AC61: Graham/Michael | AD61: Dave/Nolan | AE61: =AVERAGEIFS('Regular Season'!T:T,'Regular Season'!R:R,'Summary Page'!AC61,'Regular Season'!S:S,'Summary Page'!AD61) -> 119.586 | AF61: =AE61-VLOOKUP(AC61,'Summary Page (2)'!$B$5:$K$14,9,FALSE) -> -5.5726667 | AG61: =COUNTIFS('Regular Season'!R:R,'Summary Page'!AC61,'Regular Season'!S:S,'Summary Page'!AD61) -> 10 | AH61: =AVERAGEIFS('Regular Season'!U:U,'Regular Season'!S:S,'Summary Page'!AC61,'Regular Season'!R:R,'Summary Page'!AD61) -> 97.686 | AI61: =AH61-VLOOKUP(AC61,'Summary Page (2)'!$B$5:$K$14,10,FALSE) -> -1.2611429 | AJ61: =COUNTIFS('Regular Season'!R:R,'Summary Page'!AD61,'Regular Season'!S:S,'Summary Page'!AC61) -> 10 | AK61: =IFERROR(((AG61*AE61)+(AH61*AJ61))/SUM(AG61,AJ61),"") -> 108.636 | AL61: =IFERROR(AK61-VLOOKUP(AC61,$B$5:$H$14,7,FALSE),"") -> -3.8688276 | AM61: =AVERAGEIFS('Regular Season'!T:T,'Regular Season'!R:R,'Summary Page'!AD61,'Regular Season'!S:S,'Summary Page'!AC61) -> 126.326 | AN61: =AM61-VLOOKUP(AD61,'Summary Page (2)'!$B$5:$K$14,9,FALSE) -> 4.6262469 | AO61: =COUNTIFS('Regular Season'!R:R,'Summary Page'!AD61,'Regular Season'!S:S,'Summary Page'!AC61) -> 10 | AP61: =AVERAGEIFS('Regular Season'!U:U,'Regular Season'!S:S,'Summary Page'!AD61,'Regular Season'!R:R,'Summary Page'!AC61) -> 89.966 | AQ61: =AP61-VLOOKUP(AD61,'Summary Page (2)'!$B$5:$K$14,10,FALSE) -> -4.910087 | AR61: =COUNTIFS('Regular Season'!R:R,'Summary Page'!AC61,'Regular Season'!S:S,'Summary Page'!AD61) -> 10 | AS61: =IFERROR(((AO61*AM61)+(AP61*AR61))/SUM(AO61,AR61),"") -> 108.146 | AT61: =IFERROR(AS61-VLOOKUP(AD61,$B$5:$H$14,7,FALSE),"") -> 0.71085549 | AU61: =AL61-AT61 -> -4.5796831 | AW61: 3 | AX61: Brian/Travis | AY61: David/Marshall | AZ61: 113.995 | BA61: -3.1064286 | BB61: 8 | BC61: 96.0275 | BD61: 2.4625 | BE61: 8 | BF61: 105.01125 | BG61: 0.46258333 | BH61: 110.5125 | BI61: -7.3507143 | BJ61: 8 | BK61: 94.875 | BL61: 3.9792553 | BM61: 8 | BN61: 102.69375 | BO61: 1.73015 | BP61: -1.2675667
B62: Clay/Ryan | C62: 2 | AB62: 58 | AC62: Graham/Michael | AD62: David/Marshall | AE62: =AVERAGEIFS('Regular Season'!T:T,'Regular Season'!R:R,'Summary Page'!AC62,'Regular Season'!S:S,'Summary Page'!AD62) -> 116.19778 | AF62: =AE62-VLOOKUP(AC62,'Summary Page (2)'!$B$5:$K$14,9,FALSE) -> -8.9608889 | AG62: =COUNTIFS('Regular Season'!R:R,'Summary Page'!AC62,'Regular Season'!S:S,'Summary Page'!AD62) -> 9 | AH62: =AVERAGEIFS('Regular Season'!U:U,'Regular Season'!S:S,'Summary Page'!AC62,'Regular Season'!R:R,'Summary Page'!AD62) -> 92.28 | AI62: =AH62-VLOOKUP(AC62,'Summary Page (2)'!$B$5:$K$14,10,FALSE) -> -6.6671429 | AJ62: =COUNTIFS('Regular Season'!R:R,'Summary Page'!AD62,'Regular Season'!S:S,'Summary Page'!AC62) -> 4 | AK62: =IFERROR(((AG62*AE62)+(AH62*AJ62))/SUM(AG62,AJ62),"") -> 108.83846 | AL62: =IFERROR(AK62-VLOOKUP(AC62,$B$5:$H$14,7,FALSE),"") -> -3.666366 | AM62: =AVERAGEIFS('Regular Season'!T:T,'Regular Season'!R:R,'Summary Page'!AD62,'Regular Season'!S:S,'Summary Page'!AC62) -> 110.25 | AN62: =AM62-VLOOKUP(AD62,'Summary Page (2)'!$B$5:$K$14,9,FALSE) -> -8.9381159 | AO62: =COUNTIFS('Regular Season'!R:R,'Summary Page'!AD62,'Regular Season'!S:S,'Summary Page'!AC62) -> 4 | AP62: =AVERAGEIFS('Regular Season'!U:U,'Regular Season'!S:S,'Summary Page'!AD62,'Regular Season'!R:R,'Summary Page'!AC62) -> 87.584444 | AQ62: =AP62-VLOOKUP(AD62,'Summary Page (2)'!$B$5:$K$14,10,FALSE) -> -2.9619706 | AR62: =COUNTIFS('Regular Season'!R:R,'Summary Page'!AC62,'Regular Season'!S:S,'Summary Page'!AD62) -> 9 | AS62: =IFERROR(((AO62*AM62)+(AP62*AR62))/SUM(AO62,AR62),"") -> 94.558462 | AT62: =IFERROR(AS62-VLOOKUP(AD62,$B$5:$H$14,7,FALSE),"") -> -7.280967 | AU62: =AL62-AT62 -> 3.614601 | AW62: 15 | AX62: Clay/Ryan | AY62: Graham/Michael | AZ62: 128.18 | BA62: 9.201519 | BB62: 6 | BC62: 91.145 | BD62: -1.6769718 | BE62: 8 | BF62: 107.01714 | BG62: 0.41940952 | BH62: 122.755 | BI62: 0.32805556 | BJ62: 8 | BK62: 98.09 | BL62: -0.30692308 | BM62: 6 | BN62: 112.18429 | BO62: 2.2529524 | BP62: -1.8335429
B63: Dave/Nolan | C63: 0.1 | AB63: 59 | AC63: Graham/Michael | AD63: Drew/Cam | AE63: =AVERAGEIFS('Regular Season'!T:T,'Regular Season'!R:R,'Summary Page'!AC63,'Regular Season'!S:S,'Summary Page'!AD63) -> 122.48769 | AF63: =AE63-VLOOKUP(AC63,'Summary Page (2)'!$B$5:$K$14,9,FALSE) -> -2.6709744 | AG63: =COUNTIFS('Regular Season'!R:R,'Summary Page'!AC63,'Regular Season'!S:S,'Summary Page'!AD63) -> 13 | AH63: =AVERAGEIFS('Regular Season'!U:U,'Regular Season'!S:S,'Summary Page'!AC63,'Regular Season'!R:R,'Summary Page'!AD63) -> 103.74182 | AI63: =AH63-VLOOKUP(AC63,'Summary Page (2)'!$B$5:$K$14,10,FALSE) -> 4.7946753 | AJ63: =COUNTIFS('Regular Season'!R:R,'Summary Page'!AD63,'Regular Season'!S:S,'Summary Page'!AC63) -> 11 | AK63: =IFERROR(((AG63*AE63)+(AH63*AJ63))/SUM(AG63,AJ63),"") -> 113.89583 | AL63: =IFERROR(AK63-VLOOKUP(AC63,$B$5:$H$14,7,FALSE),"") -> 1.3910057 | AM63: =AVERAGEIFS('Regular Season'!T:T,'Regular Season'!R:R,'Summary Page'!AD63,'Regular Season'!S:S,'Summary Page'!AC63) -> 121.6 | AN63: =AM63-VLOOKUP(AD63,'Summary Page (2)'!$B$5:$K$14,9,FALSE) -> 5.7597561 | AO63: =COUNTIFS('Regular Season'!R:R,'Summary Page'!AD63,'Regular Season'!S:S,'Summary Page'!AC63) -> 11 | AP63: =AVERAGEIFS('Regular Season'!U:U,'Regular Season'!S:S,'Summary Page'!AD63,'Regular Season'!R:R,'Summary Page'!AC63) -> 92.315385 | AQ63: =AP63-VLOOKUP(AD63,'Summary Page (2)'!$B$5:$K$14,10,FALSE) -> -0.53537625 | AR63: =COUNTIFS('Regular Season'!R:R,'Summary Page'!AC63,'Regular Season'!S:S,'Summary Page'!AD63) -> 13 | AS63: =IFERROR(((AO63*AM63)+(AP63*AR63))/SUM(AO63,AR63),"") -> 105.7375 | AT63: =IFERROR(AS63-VLOOKUP(AD63,$B$5:$H$14,7,FALSE),"") -> 2.0526149 | AU63: =AL63-AT63 -> -0.6616092 | AW63: 6 | AX63: Brian/Travis | AY63: Graham/Michael | AZ63: 114.4625 | BA63: -2.6389286 | BB63: 8 | BC63: 95.578 | BD63: 2.013 | BE63: 10 | BF63: 103.97111 | BG63: -0.57755556 | BH63: 126.862 | BI63: 4.4350556 | BJ63: 10 | BK63: 92.5875 | BL63: -5.8094231 | BM63: 8 | BN63: 111.62889 | BO63: 1.6975556 | BP63: -2.2751111
B64: David/Marshall | C64: -1.1 | AB64: 60 | AC64: Graham/Michael | AD64: Eric/Blake | AE64: =AVERAGEIFS('Regular Season'!T:T,'Regular Season'!R:R,'Summary Page'!AC64,'Regular Season'!S:S,'Summary Page'!AD64) -> 130.83714 | AF64: =AE64-VLOOKUP(AC64,'Summary Page (2)'!$B$5:$K$14,9,FALSE) -> 5.6784762 | AG64: =COUNTIFS('Regular Season'!R:R,'Summary Page'!AC64,'Regular Season'!S:S,'Summary Page'!AD64) -> 7 | AH64: =AVERAGEIFS('Regular Season'!U:U,'Regular Season'!S:S,'Summary Page'!AC64,'Regular Season'!R:R,'Summary Page'!AD64) -> 101.165 | AI64: =AH64-VLOOKUP(AC64,'Summary Page (2)'!$B$5:$K$14,10,FALSE) -> 2.2178571 | AJ64: =COUNTIFS('Regular Season'!R:R,'Summary Page'!AD64,'Regular Season'!S:S,'Summary Page'!AC64) -> 12 | AK64: =IFERROR(((AG64*AE64)+(AH64*AJ64))/SUM(AG64,AJ64),"") -> 112.09684 | AL64: =IFERROR(AK64-VLOOKUP(AC64,$B$5:$H$14,7,FALSE),"") -> -0.40798548 | AM64: =AVERAGEIFS('Regular Season'!T:T,'Regular Season'!R:R,'Summary Page'!AD64,'Regular Season'!S:S,'Summary Page'!AC64) -> 134.945 | AN64: =AM64-VLOOKUP(AD64,'Summary Page (2)'!$B$5:$K$14,9,FALSE) -> 12.602363 | AO64: =COUNTIFS('Regular Season'!R:R,'Summary Page'!AD64,'Regular Season'!S:S,'Summary Page'!AC64) -> 12 | AP64: =AVERAGEIFS('Regular Season'!U:U,'Regular Season'!S:S,'Summary Page'!AD64,'Regular Season'!R:R,'Summary Page'!AC64) -> 106.33714 | AQ64: =AP64-VLOOKUP(AD64,'Summary Page (2)'!$B$5:$K$14,10,FALSE) -> 9.9371429 | AR64: =COUNTIFS('Regular Season'!R:R,'Summary Page'!AC64,'Regular Season'!S:S,'Summary Page'!AD64) -> 7 | AS64: =IFERROR(((AO64*AM64)+(AP64*AR64))/SUM(AO64,AR64),"") -> 124.40526 | AT64: =IFERROR(AS64-VLOOKUP(AD64,$B$5:$H$14,7,FALSE),"") -> 14.437562 | AU64: =AL64-AT64 -> -14.845547 | AW64: 26 | AX64: Dave/Nolan | AY64: Trent/Colin | AZ64: 117.58 | BA64: -4.9026316 | BB64: 4 | BC64: 96.791429 | BD64: 0.47359073 | BE64: 7 | BF64: 104.35091 | BG64: -5.2237576 | BH64: 119.37143 | BI64: -1.7148636 | BJ64: 7 | BK64: 86.71 | BL64: -8.0759016 | BM64: 4 | BN64: 107.49455 | BO64: -2.8962545 | BP64: -2.327503
B65: Drew/Cam | C65: 0.6 | AB65: 61 | AC65: Graham/Michael | AD65: Pat/Tucker | AE65: =AVERAGEIFS('Regular Season'!T:T,'Regular Season'!R:R,'Summary Page'!AC65,'Regular Season'!S:S,'Summary Page'!AD65) -> 134.18154 | AF65: =AE65-VLOOKUP(AC65,'Summary Page (2)'!$B$5:$K$14,9,FALSE) -> 9.0228718 | AG65: =COUNTIFS('Regular Season'!R:R,'Summary Page'!AC65,'Regular Season'!S:S,'Summary Page'!AD65) -> 13 | AH65: =AVERAGEIFS('Regular Season'!U:U,'Regular Season'!S:S,'Summary Page'!AC65,'Regular Season'!R:R,'Summary Page'!AD65) -> 105.51 | AI65: =AH65-VLOOKUP(AC65,'Summary Page (2)'!$B$5:$K$14,10,FALSE) -> 6.5628571 | AJ65: =COUNTIFS('Regular Season'!R:R,'Summary Page'!AD65,'Regular Season'!S:S,'Summary Page'!AC65) -> 10 | AK65: =IFERROR(((AG65*AE65)+(AH65*AJ65))/SUM(AG65,AJ65),"") -> 121.71565 | AL65: =IFERROR(AK65-VLOOKUP(AC65,$B$5:$H$14,7,FALSE),"") -> 9.2108246 | AM65: =AVERAGEIFS('Regular Season'!T:T,'Regular Season'!R:R,'Summary Page'!AD65,'Regular Season'!S:S,'Summary Page'!AC65) -> 122.97 | AN65: =AM65-VLOOKUP(AD65,'Summary Page (2)'!$B$5:$K$14,9,FALSE) -> 2.527619 | AO65: =COUNTIFS('Regular Season'!R:R,'Summary Page'!AD65,'Regular Season'!S:S,'Summary Page'!AC65) -> 10 | AP65: =AVERAGEIFS('Regular Season'!U:U,'Regular Season'!S:S,'Summary Page'!AD65,'Regular Season'!R:R,'Summary Page'!AC65) -> 99.646154 | AQ65: =AP65-VLOOKUP(AD65,'Summary Page (2)'!$B$5:$K$14,10,FALSE) -> 5.140472 | AR65: =COUNTIFS('Regular Season'!R:R,'Summary Page'!AC65,'Regular Season'!S:S,'Summary Page'!AD65) -> 13 | AS65: =IFERROR(((AO65*AM65)+(AP65*AR65))/SUM(AO65,AR65),"") -> 109.78696 | AT65: =IFERROR(AS65-VLOOKUP(AD65,$B$5:$H$14,7,FALSE),"") -> 2.6145147 | AU65: =AL65-AT65 -> 6.5963099 | AW65: 84 | AX65: Walker/Cory | AY65: Dave/Nolan | AZ65: 116.68857 | BA65: -0.89801394 | BB65: 14 | BC65: 91.495556 | BD65: -1.2279739 | BE65: 9 | BF65: 106.83043 | BG65: 0.51510145 | BH65: 137.39111 | BI65: 14.90848 | BJ65: 9 | BK65: 97.64 | BL65: 1.3221622 | BM65: 14 | BN65: 113.19478 | BO65: 3.6201159 | BP65: -3.1050145
B66: Eric/Blake | C66: -1.3 | AB66: 62 | AC66: Graham/Michael | AD66: Trent/Colin | AE66: =AVERAGEIFS('Regular Season'!T:T,'Regular Season'!R:R,'Summary Page'!AC66,'Regular Season'!S:S,'Summary Page'!AD66) -> 116.61333 | AF66: =AE66-VLOOKUP(AC66,'Summary Page (2)'!$B$5:$K$14,9,FALSE) -> -8.5453333 | AG66: =COUNTIFS('Regular Season'!R:R,'Summary Page'!AC66,'Regular Season'!S:S,'Summary Page'!AD66) -> 9 | AH66: =AVERAGEIFS('Regular Season'!U:U,'Regular Season'!S:S,'Summary Page'!AC66,'Regular Season'!R:R,'Summary Page'!AD66) -> 100.354 | AI66: =AH66-VLOOKUP(AC66,'Summary Page (2)'!$B$5:$K$14,10,FALSE) -> 1.4068571 | AJ66: =COUNTIFS('Regular Season'!R:R,'Summary Page'!AD66,'Regular Season'!S:S,'Summary Page'!AC66) -> 10 | AK66: =IFERROR(((AG66*AE66)+(AH66*AJ66))/SUM(AG66,AJ66),"") -> 108.05579 | AL66: =IFERROR(AK66-VLOOKUP(AC66,$B$5:$H$14,7,FALSE),"") -> -4.4490381 | AM66: =AVERAGEIFS('Regular Season'!T:T,'Regular Season'!R:R,'Summary Page'!AD66,'Regular Season'!S:S,'Summary Page'!AC66) -> 128.782 | AN66: =AM66-VLOOKUP(AD66,'Summary Page (2)'!$B$5:$K$14,9,FALSE) -> 8.0257255 | AO66: =COUNTIFS('Regular Season'!R:R,'Summary Page'!AD66,'Regular Season'!S:S,'Summary Page'!AC66) -> 10 | AP66: =AVERAGEIFS('Regular Season'!U:U,'Regular Season'!S:S,'Summary Page'!AD66,'Regular Season'!R:R,'Summary Page'!AC66) -> 104.06 | AQ66: =AP66-VLOOKUP(AD66,'Summary Page (2)'!$B$5:$K$14,10,FALSE) -> 7.3675676 | AR66: =COUNTIFS('Regular Season'!R:R,'Summary Page'!AC66,'Regular Season'!S:S,'Summary Page'!AD66) -> 9 | AS66: =IFERROR(((AO66*AM66)+(AP66*AR66))/SUM(AO66,AR66),"") -> 117.07158 | AT66: =IFERROR(AS66-VLOOKUP(AD66,$B$5:$H$14,7,FALSE),"") -> 6.4330562 | AU66: =AL66-AT66 -> -10.882094 | AW66: 38 | AX66: Drew/Cam | AY66: Clay/Ryan | AZ66: 125.35 | BA66: 9.8053425 | BB66: 6 | BC66: 92.842 | BD66: 1.3131688 | BE66: 10 | BF66: 105.0325 | BG66: 1.8159667 | BH66: 117.834 | BI66: -1.144481 | BJ66: 10 | BK66: 101.12 | BL66: 8.2980282 | BM66: 6 | BN66: 111.56625 | BO66: 4.9685167 | BP66: -3.15255
B67: Graham/Michael | C67: -4.3 | AB67: 63 | AC67: Graham/Michael | AD67: Walker/Cory | AE67: =AVERAGEIFS('Regular Season'!T:T,'Regular Season'!R:R,'Summary Page'!AC67,'Regular Season'!S:S,'Summary Page'!AD67) -> 132.84 | AF67: =AE67-VLOOKUP(AC67,'Summary Page (2)'!$B$5:$K$14,9,FALSE) -> 7.6813333 | AG67: =COUNTIFS('Regular Season'!R:R,'Summary Page'!AC67,'Regular Season'!S:S,'Summary Page'!AD67) -> 8 | AH67: =AVERAGEIFS('Regular Season'!U:U,'Regular Season'!S:S,'Summary Page'!AC67,'Regular Season'!R:R,'Summary Page'!AD67) -> 94.001667 | AI67: =AH67-VLOOKUP(AC67,'Summary Page (2)'!$B$5:$K$14,10,FALSE) -> -4.9454762 | AJ67: =COUNTIFS('Regular Season'!R:R,'Summary Page'!AD67,'Regular Season'!S:S,'Summary Page'!AC67) -> 12 | AK67: =IFERROR(((AG67*AE67)+(AH67*AJ67))/SUM(AG67,AJ67),"") -> 109.537 | AL67: =IFERROR(AK67-VLOOKUP(AC67,$B$5:$H$14,7,FALSE),"") -> -2.9678276 | AM67: =AVERAGEIFS('Regular Season'!T:T,'Regular Season'!R:R,'Summary Page'!AD67,'Regular Season'!S:S,'Summary Page'!AC67) -> 123.915 | AN67: =AM67-VLOOKUP(AD67,'Summary Page (2)'!$B$5:$K$14,9,FALSE) -> 7.8371739 | AO67: =COUNTIFS('Regular Season'!R:R,'Summary Page'!AD67,'Regular Season'!S:S,'Summary Page'!AC67) -> 12 | AP67: =AVERAGEIFS('Regular Season'!U:U,'Regular Season'!S:S,'Summary Page'!AD67,'Regular Season'!R:R,'Summary Page'!AC67) -> 112.0075 | AQ67: =AP67-VLOOKUP(AD67,'Summary Page (2)'!$B$5:$K$14,10,FALSE) -> 17.237256 | AR67: =COUNTIFS('Regular Season'!R:R,'Summary Page'!AC67,'Regular Season'!S:S,'Summary Page'!AD67) -> 8 | AS67: =IFERROR(((AO67*AM67)+(AP67*AR67))/SUM(AO67,AR67),"") -> 119.152 | AT67: =IFERROR(AS67-VLOOKUP(AD67,$B$5:$H$14,7,FALSE),"") -> 13.115678 | AU67: =AL67-AT67 -> -16.083506 | AW67: 35 | AX67: David/Marshall | AY67: Trent/Colin | AZ67: 119.256 | BA67: 1.3927857 | BB67: 5 | BC67: 94.092727 | BD67: 3.1969826 | BE67: 11 | BF67: 101.95625 | BG67: 0.99265 | BH67: 124.09455 | BI67: 3.0082533 | BJ67: 11 | BK67: 93.772 | BL67: -1.0139016 | BM67: 5 | BN67: 114.61875 | BO67: 4.22795 | BP67: -3.2353
B68: Pat/Tucker | C68: -2.1 | AB68: 64 | AC68: Pat/Tucker | AD68: Brian/Travis | AE68: =AVERAGEIFS('Regular Season'!T:T,'Regular Season'!R:R,'Summary Page'!AC68,'Regular Season'!S:S,'Summary Page'!AD68) -> 106.42444 | AF68: =AE68-VLOOKUP(AC68,'Summary Page (2)'!$B$5:$K$14,9,FALSE) -> -14.017937 | AG68: =COUNTIFS('Regular Season'!R:R,'Summary Page'!AC68,'Regular Season'!S:S,'Summary Page'!AD68) -> 9 | AH68: =AVERAGEIFS('Regular Season'!U:U,'Regular Season'!S:S,'Summary Page'!AC68,'Regular Season'!R:R,'Summary Page'!AD68) -> 86.406667 | AI68: =AH68-VLOOKUP(AC68,'Summary Page (2)'!$B$5:$K$14,10,FALSE) -> -8.0990152 | AJ68: =COUNTIFS('Regular Season'!R:R,'Summary Page'!AD68,'Regular Season'!S:S,'Summary Page'!AC68) -> 15 | AK68: =IFERROR(((AG68*AE68)+(AH68*AJ68))/SUM(AG68,AJ68),"") -> 93.913333 | AL68: =IFERROR(AK68-VLOOKUP(AC68,$B$5:$H$14,7,FALSE),"") -> -13.259109 | AM68: =AVERAGEIFS('Regular Season'!T:T,'Regular Season'!R:R,'Summary Page'!AD68,'Regular Season'!S:S,'Summary Page'!AC68) -> 118.55867 | AN68: =AM68-VLOOKUP(AD68,'Summary Page (2)'!$B$5:$K$14,9,FALSE) -> 0.62168992 | AO68: =COUNTIFS('Regular Season'!R:R,'Summary Page'!AD68,'Regular Season'!S:S,'Summary Page'!AC68) -> 15 | AP68: =AVERAGEIFS('Regular Season'!U:U,'Regular Season'!S:S,'Summary Page'!AD68,'Regular Season'!R:R,'Summary Page'!AC68) -> 94.171111 | AQ68: =AP68-VLOOKUP(AD68,'Summary Page (2)'!$B$5:$K$14,10,FALSE) -> 0.077929293 | AR68: =COUNTIFS('Regular Season'!R:R,'Summary Page'!AC68,'Regular Season'!S:S,'Summary Page'!AD68) -> 9 | AS68: =IFERROR(((AO68*AM68)+(AP68*AR68))/SUM(AO68,AR68),"") -> 109.41333 | AT68: =IFERROR(AS68-VLOOKUP(AD68,$B$5:$H$14,7,FALSE),"") -> 3.5352874 | AU68: =AL68-AT68 -> -16.794396 | AW68: 33 | AX68: David/Marshall | AY68: Graham/Michael | AZ68: 107.5 | BA68: -10.363214 | BB68: 3 | BC68: 90.7675 | BD68: -0.12824468 | BE68: 8 | BF68: 95.330909 | BG68: -5.6326909 | BH68: 112.1475 | BI68: -10.279444 | BJ68: 8 | BK68: 95.333333 | BL68: -3.0635897 | BM68: 3 | BN68: 107.56182 | BO68: -2.3695152 | BP68: -3.2631758
B69: Trent/Colin | C69: 1.7 | AB69: 65 | AC69: Pat/Tucker | AD69: Clay/Ryan | AE69: =AVERAGEIFS('Regular Season'!T:T,'Regular Season'!R:R,'Summary Page'!AC69,'Regular Season'!S:S,'Summary Page'!AD69) -> 113.428 | AF69: =AE69-VLOOKUP(AC69,'Summary Page (2)'!$B$5:$K$14,9,FALSE) -> -7.014381 | AG69: =COUNTIFS('Regular Season'!R:R,'Summary Page'!AC69,'Regular Season'!S:S,'Summary Page'!AD69) -> 5 | AH69: =AVERAGEIFS('Regular Season'!U:U,'Regular Season'!S:S,'Summary Page'!AC69,'Regular Season'!R:R,'Summary Page'!AD69) -> 95.065714 | AI69: =AH69-VLOOKUP(AC69,'Summary Page (2)'!$B$5:$K$14,10,FALSE) -> 0.56003247 | AJ69: =COUNTIFS('Regular Season'!R:R,'Summary Page'!AD69,'Regular Season'!S:S,'Summary Page'!AC69) -> 7 | AK69: =IFERROR(((AG69*AE69)+(AH69*AJ69))/SUM(AG69,AJ69),"") -> 102.71667 | AL69: =IFERROR(AK69-VLOOKUP(AC69,$B$5:$H$14,7,FALSE),"") -> -4.4557752 | AM69: =AVERAGEIFS('Regular Season'!T:T,'Regular Season'!R:R,'Summary Page'!AD69,'Regular Season'!S:S,'Summary Page'!AC69) -> 126.92571 | AN69: =AM69-VLOOKUP(AD69,'Summary Page (2)'!$B$5:$K$14,9,FALSE) -> 7.4521659 | AO69: =COUNTIFS('Regular Season'!R:R,'Summary Page'!AD69,'Regular Season'!S:S,'Summary Page'!AC69) -> 7 | AP69: =AVERAGEIFS('Regular Season'!U:U,'Regular Season'!S:S,'Summary Page'!AD69,'Regular Season'!R:R,'Summary Page'!AC69) -> 95.24 | AQ69: =AP69-VLOOKUP(AD69,'Summary Page (2)'!$B$5:$K$14,10,FALSE) -> 2.1666667 | AR69: =COUNTIFS('Regular Season'!R:R,'Summary Page'!AC69,'Regular Season'!S:S,'Summary Page'!AD69) -> 5 | AS69: =IFERROR(((AO69*AM69)+(AP69*AR69))/SUM(AO69,AR69),"") -> 113.72333 | AT69: =IFERROR(AS69-VLOOKUP(AD69,$B$5:$H$14,7,FALSE),"") -> 6.5395402 | AU69: =AL69-AT69 -> -10.995315 | AW69: 20 | AX69: Dave/Nolan | AY69: Clay/Ryan | AZ69: 118.03 | BA69: -4.4526316 | BB69: 10 | BC69: 93.665 | BD69: -2.6528378 | BE69: 8 | BF69: 107.20111 | BG69: -2.3735556 | BH69: 124.1425 | BI69: 5.164019 | BJ69: 8 | BK69: 94.696 | BL69: 1.8740282 | BM69: 10 | BN69: 107.78333 | BO69: 1.1856 | BP69: -3.5591556
B70: Walker/Cory | C70: 1.5 | AB70: 66 | AC70: Pat/Tucker | AD70: Dave/Nolan | AE70: =AVERAGEIFS('Regular Season'!T:T,'Regular Season'!R:R,'Summary Page'!AC70,'Regular Season'!S:S,'Summary Page'!AD70) -> 128.448 | AF70: =AE70-VLOOKUP(AC70,'Summary Page (2)'!$B$5:$K$14,9,FALSE) -> 8.005619 | AG70: =COUNTIFS('Regular Season'!R:R,'Summary Page'!AC70,'Regular Season'!S:S,'Summary Page'!AD70) -> 10 | AH70: =AVERAGEIFS('Regular Season'!U:U,'Regular Season'!S:S,'Summary Page'!AC70,'Regular Season'!R:R,'Summary Page'!AD70) -> 86.457778 | AI70: =AH70-VLOOKUP(AC70,'Summary Page (2)'!$B$5:$K$14,10,FALSE) -> -8.047904 | AJ70: =COUNTIFS('Regular Season'!R:R,'Summary Page'!AD70,'Regular Season'!S:S,'Summary Page'!AC70) -> 9 | AK70: =IFERROR(((AG70*AE70)+(AH70*AJ70))/SUM(AG70,AJ70),"") -> 108.55789 | AL70: =IFERROR(AK70-VLOOKUP(AC70,$B$5:$H$14,7,FALSE),"") -> 1.3854529 | AM70: =AVERAGEIFS('Regular Season'!T:T,'Regular Season'!R:R,'Summary Page'!AD70,'Regular Season'!S:S,'Summary Page'!AC70) -> 108.73333 | AN70: =AM70-VLOOKUP(AD70,'Summary Page (2)'!$B$5:$K$14,9,FALSE) -> -12.96642 | AO70: =COUNTIFS('Regular Season'!R:R,'Summary Page'!AD70,'Regular Season'!S:S,'Summary Page'!AC70) -> 9 | AP70: =AVERAGEIFS('Regular Season'!U:U,'Regular Season'!S:S,'Summary Page'!AD70,'Regular Season'!R:R,'Summary Page'!AC70) -> 94.25 | AQ70: =AP70-VLOOKUP(AD70,'Summary Page (2)'!$B$5:$K$14,10,FALSE) -> -0.62608696 | AR70: =COUNTIFS('Regular Season'!R:R,'Summary Page'!AC70,'Regular Season'!S:S,'Summary Page'!AD70) -> 10 | AS70: =IFERROR(((AO70*AM70)+(AP70*AR70))/SUM(AO70,AR70),"") -> 101.11053 | AT70: =IFERROR(AS70-VLOOKUP(AD70,$B$5:$H$14,7,FALSE),"") -> -6.3246182 | AU70: =AL70-AT70 -> 7.7100711 | AW70: 83 | AX70: Walker/Cory | AY70: Clay/Ryan | AZ70: 123.40889 | BA70: 5.8223035 | BB70: 9 | BC70: 92.13 | BD70: -0.59352941 | BE70: 12 | BF70: 105.53524 | BG70: -0.78009524 | BH70: 119.69833 | BI70: 0.71985232 | BJ70: 12 | BK70: 96.411111 | BL70: 3.5891393 | BM70: 9 | BN70: 109.7181 | BO70: 3.1203619 | BP70: -3.9004571
AB71: 67 | AC71: Pat/Tucker | AD71: David/Marshall | AE71: =AVERAGEIFS('Regular Season'!T:T,'Regular Season'!R:R,'Summary Page'!AC71,'Regular Season'!S:S,'Summary Page'!AD71) -> 124.87833 | AF71: =AE71-VLOOKUP(AC71,'Summary Page (2)'!$B$5:$K$14,9,FALSE) -> 4.4359524 | AG71: =COUNTIFS('Regular Season'!R:R,'Summary Page'!AC71,'Regular Season'!S:S,'Summary Page'!AD71) -> 12 | AH71: =AVERAGEIFS('Regular Season'!U:U,'Regular Season'!S:S,'Summary Page'!AC71,'Regular Season'!R:R,'Summary Page'!AD71) -> 76.54 | AI71: =AH71-VLOOKUP(AC71,'Summary Page (2)'!$B$5:$K$14,10,FALSE) -> -17.965682 | AJ71: =COUNTIFS('Regular Season'!R:R,'Summary Page'!AD71,'Regular Season'!S:S,'Summary Page'!AC71) -> 4 | AK71: =IFERROR(((AG71*AE71)+(AH71*AJ71))/SUM(AG71,AJ71),"") -> 112.79375 | AL71: =IFERROR(AK71-VLOOKUP(AC71,$B$5:$H$14,7,FALSE),"") -> 5.6213081 | AM71: =AVERAGEIFS('Regular Season'!T:T,'Regular Season'!R:R,'Summary Page'!AD71,'Regular Season'!S:S,'Summary Page'!AC71) -> 122.955 | AN71: =AM71-VLOOKUP(AD71,'Summary Page (2)'!$B$5:$K$14,9,FALSE) -> 3.7668841 | AO71: =COUNTIFS('Regular Season'!R:R,'Summary Page'!AD71,'Regular Season'!S:S,'Summary Page'!AC71) -> 4 | AP71: =AVERAGEIFS('Regular Season'!U:U,'Regular Season'!S:S,'Summary Page'!AD71,'Regular Season'!R:R,'Summary Page'!AC71) -> 90.01 | AQ71: =AP71-VLOOKUP(AD71,'Summary Page (2)'!$B$5:$K$14,10,FALSE) -> -0.53641509 | AR71: =COUNTIFS('Regular Season'!R:R,'Summary Page'!AC71,'Regular Season'!S:S,'Summary Page'!AD71) -> 12 | AS71: =IFERROR(((AO71*AM71)+(AP71*AR71))/SUM(AO71,AR71),"") -> 98.24625 | AT71: =IFERROR(AS71-VLOOKUP(AD71,$B$5:$H$14,7,FALSE),"") -> -3.5931786 | AU71: =AL71-AT71 -> 9.2144867 | AW71: 21 | AX71: Dave/Nolan | AY71: David/Marshall | AZ71: 119.828 | BA71: -2.6546316 | BB71: 10 | BC71: 95.723636 | BD71: -0.59420147 | BE71: 11 | BF71: 107.2019 | BG71: -2.3727619 | BH71: 114.77273 | BI71: -3.090487 | BJ71: 11 | BK71: 89.136 | BL71: -1.7597447 | BM71: 10 | BN71: 102.56476 | BO71: 1.6011619 | BP71: -3.9739238
AB72: 68 | AC72: Pat/Tucker | AD72: Drew/Cam | AE72: =AVERAGEIFS('Regular Season'!T:T,'Regular Season'!R:R,'Summary Page'!AC72,'Regular Season'!S:S,'Summary Page'!AD72) -> 115.965 | AF72: =AE72-VLOOKUP(AC72,'Summary Page (2)'!$B$5:$K$14,9,FALSE) -> -4.477381 | AG72: =COUNTIFS('Regular Season'!R:R,'Summary Page'!AC72,'Regular Season'!S:S,'Summary Page'!AD72) -> 8 | AH72: =AVERAGEIFS('Regular Season'!U:U,'Regular Season'!S:S,'Summary Page'!AC72,'Regular Season'!R:R,'Summary Page'!AD72) -> 104.80364 | AI72: =AH72-VLOOKUP(AC72,'Summary Page (2)'!$B$5:$K$14,10,FALSE) -> 10.297955 | AJ72: =COUNTIFS('Regular Season'!R:R,'Summary Page'!AD72,'Regular Season'!S:S,'Summary Page'!AC72) -> 11 | AK72: =IFERROR(((AG72*AE72)+(AH72*AJ72))/SUM(AG72,AJ72),"") -> 109.50316 | AL72: =IFERROR(AK72-VLOOKUP(AC72,$B$5:$H$14,7,FALSE),"") -> 2.330716 | AM72: =AVERAGEIFS('Regular Season'!T:T,'Regular Season'!R:R,'Summary Page'!AD72,'Regular Season'!S:S,'Summary Page'!AC72) -> 119.25273 | AN72: =AM72-VLOOKUP(AD72,'Summary Page (2)'!$B$5:$K$14,9,FALSE) -> 3.4124834 | AO72: =COUNTIFS('Regular Season'!R:R,'Summary Page'!AD72,'Regular Season'!S:S,'Summary Page'!AC72) -> 11 | AP72: =AVERAGEIFS('Regular Season'!U:U,'Regular Season'!S:S,'Summary Page'!AD72,'Regular Season'!R:R,'Summary Page'!AC72) -> 86.74125 | AQ72: =AP72-VLOOKUP(AD72,'Summary Page (2)'!$B$5:$K$14,10,FALSE) -> -6.1095109 | AR72: =COUNTIFS('Regular Season'!R:R,'Summary Page'!AC72,'Regular Season'!S:S,'Summary Page'!AD72) -> 8 | AS72: =IFERROR(((AO72*AM72)+(AP72*AR72))/SUM(AO72,AR72),"") -> 105.56368 | AT72: =IFERROR(AS72-VLOOKUP(AD72,$B$5:$H$14,7,FALSE),"") -> 1.8787992 | AU72: =AL72-AT72 -> 0.45191688 | AW72: 49 | AX72: Eric/Blake | AY72: David/Marshall | AZ72: 121.03455 | BA72: -1.3598849 | BB72: 11 | BC72: 87.205714 | BD72: -9.837666 | BE72: 7 | BF72: 107.87889 | BG72: -2.5160444 | BH72: 115.28571 | BI72: -2.5775 | BJ72: 7 | BK72: 94.569091 | BL72: 3.6733462 | BM72: 11 | BN72: 102.62556 | BO72: 1.6619556 | BP72: -4.178
AB73: 69 | AC73: Pat/Tucker | AD73: Eric/Blake | AE73: =AVERAGEIFS('Regular Season'!T:T,'Regular Season'!R:R,'Summary Page'!AC73,'Regular Season'!S:S,'Summary Page'!AD73) -> 122.71818 | AF73: =AE73-VLOOKUP(AC73,'Summary Page (2)'!$B$5:$K$14,9,FALSE) -> 2.2758009 | AG73: =COUNTIFS('Regular Season'!R:R,'Summary Page'!AC73,'Regular Season'!S:S,'Summary Page'!AD73) -> 11 | AH73: =AVERAGEIFS('Regular Season'!U:U,'Regular Season'!S:S,'Summary Page'!AC73,'Regular Season'!R:R,'Summary Page'!AD73) -> 101.32222 | AI73: =AH73-VLOOKUP(AC73,'Summary Page (2)'!$B$5:$K$14,10,FALSE) -> 6.8165404 | AJ73: =COUNTIFS('Regular Season'!R:R,'Summary Page'!AD73,'Regular Season'!S:S,'Summary Page'!AC73) -> 9 | AK73: =IFERROR(((AG73*AE73)+(AH73*AJ73))/SUM(AG73,AJ73),"") -> 113.09 | AL73: =IFERROR(AK73-VLOOKUP(AC73,$B$5:$H$14,7,FALSE),"") -> 5.9175581 | AM73: =AVERAGEIFS('Regular Season'!T:T,'Regular Season'!R:R,'Summary Page'!AD73,'Regular Season'!S:S,'Summary Page'!AC73) -> 134.75333 | AN73: =AM73-VLOOKUP(AD73,'Summary Page (2)'!$B$5:$K$14,9,FALSE) -> 12.410696 | AO73: =COUNTIFS('Regular Season'!R:R,'Summary Page'!AD73,'Regular Season'!S:S,'Summary Page'!AC73) -> 9 | AP73: =AVERAGEIFS('Regular Season'!U:U,'Regular Season'!S:S,'Summary Page'!AD73,'Regular Season'!R:R,'Summary Page'!AC73) -> 104.81818 | AQ73: =AP73-VLOOKUP(AD73,'Summary Page (2)'!$B$5:$K$14,10,FALSE) -> 8.4181818 | AR73: =COUNTIFS('Regular Season'!R:R,'Summary Page'!AC73,'Regular Season'!S:S,'Summary Page'!AD73) -> 11 | AS73: =IFERROR(((AO73*AM73)+(AP73*AR73))/SUM(AO73,AR73),"") -> 118.289 | AT73: =IFERROR(AS73-VLOOKUP(AD73,$B$5:$H$14,7,FALSE),"") -> 8.3212989 | AU73: =AL73-AT73 -> -2.4037407 | AW73: 44 | AX73: Drew/Cam | AY73: Trent/Colin | AZ73: 112.256 | BA73: -3.2886575 | BB73: 5 | BC73: 93.7625 | BD73: 2.2336688 | BE73: 16 | BF73: 98.165714 | BG73: -5.050819 | BH73: 115.92125 | BI73: -5.1650421 | BJ73: 16 | BK73: 90.24 | BL73: -4.5459016 | BM73: 5 | BN73: 109.80667 | BO73: -0.58413333 | BP73: -4.4666857
AB74: 70 | AC74: Pat/Tucker | AD74: Graham/Michael | AE74: =AVERAGEIFS('Regular Season'!T:T,'Regular Season'!R:R,'Summary Page'!AC74,'Regular Season'!S:S,'Summary Page'!AD74) -> 122.97 | AF74: =AE74-VLOOKUP(AC74,'Summary Page (2)'!$B$5:$K$14,9,FALSE) -> 2.527619 | AG74: =COUNTIFS('Regular Season'!R:R,'Summary Page'!AC74,'Regular Season'!S:S,'Summary Page'!AD74) -> 10 | AH74: =AVERAGEIFS('Regular Season'!U:U,'Regular Season'!S:S,'Summary Page'!AC74,'Regular Season'!R:R,'Summary Page'!AD74) -> 99.646154 | AI74: =AH74-VLOOKUP(AC74,'Summary Page (2)'!$B$5:$K$14,10,FALSE) -> 5.140472 | AJ74: =COUNTIFS('Regular Season'!R:R,'Summary Page'!AD74,'Regular Season'!S:S,'Summary Page'!AC74) -> 13 | AK74: =IFERROR(((AG74*AE74)+(AH74*AJ74))/SUM(AG74,AJ74),"") -> 109.78696 | AL74: =IFERROR(AK74-VLOOKUP(AC74,$B$5:$H$14,7,FALSE),"") -> 2.6145147 | AM74: =AVERAGEIFS('Regular Season'!T:T,'Regular Season'!R:R,'Summary Page'!AD74,'Regular Season'!S:S,'Summary Page'!AC74) -> 134.18154 | AN74: =AM74-VLOOKUP(AD74,'Summary Page (2)'!$B$5:$K$14,9,FALSE) -> 9.0228718 | AO74: =COUNTIFS('Regular Season'!R:R,'Summary Page'!AD74,'Regular Season'!S:S,'Summary Page'!AC74) -> 13 | AP74: =AVERAGEIFS('Regular Season'!U:U,'Regular Season'!S:S,'Summary Page'!AD74,'Regular Season'!R:R,'Summary Page'!AC74) -> 105.51 | AQ74: =AP74-VLOOKUP(AD74,'Summary Page (2)'!$B$5:$K$14,10,FALSE) -> 6.5628571 | AR74: =COUNTIFS('Regular Season'!R:R,'Summary Page'!AC74,'Regular Season'!S:S,'Summary Page'!AD74) -> 10 | AS74: =IFERROR(((AO74*AM74)+(AP74*AR74))/SUM(AO74,AR74),"") -> 121.71565 | AT74: =IFERROR(AS74-VLOOKUP(AD74,$B$5:$H$14,7,FALSE),"") -> 9.2108246 | AU74: =AL74-AT74 -> -6.5963099 | AW74: 57 | AX74: Graham/Michael | AY74: Dave/Nolan | AZ74: 115.095 | BA74: -7.3319444 | BB74: 8 | BC74: 99.268889 | BD74: 0.87196581 | BE74: 9 | BF74: 106.71647 | BG74: -3.2148627 | BH74: 129.63778 | BI74: 7.1551462 | BJ74: 9 | BK74: 90.705 | BL74: -5.6128378 | BM74: 8 | BN74: 111.31647 | BO74: 1.7418039 | BP74: -4.9566667
AB75: 71 | AC75: Pat/Tucker | AD75: Trent/Colin | AE75: =AVERAGEIFS('Regular Season'!T:T,'Regular Season'!R:R,'Summary Page'!AC75,'Regular Season'!S:S,'Summary Page'!AD75) -> 123.306 | AF75: =AE75-VLOOKUP(AC75,'Summary Page (2)'!$B$5:$K$14,9,FALSE) -> 2.863619 | AG75: =COUNTIFS('Regular Season'!R:R,'Summary Page'!AC75,'Regular Season'!S:S,'Summary Page'!AD75) -> 10 | AH75: =AVERAGEIFS('Regular Season'!U:U,'Regular Season'!S:S,'Summary Page'!AC75,'Regular Season'!R:R,'Summary Page'!AD75) -> 94.9 | AI75: =AH75-VLOOKUP(AC75,'Summary Page (2)'!$B$5:$K$14,10,FALSE) -> 0.39431818 | AJ75: =COUNTIFS('Regular Season'!R:R,'Summary Page'!AD75,'Regular Season'!S:S,'Summary Page'!AC75) -> 10 | AK75: =IFERROR(((AG75*AE75)+(AH75*AJ75))/SUM(AG75,AJ75),"") -> 109.103 | AL75: =IFERROR(AK75-VLOOKUP(AC75,$B$5:$H$14,7,FALSE),"") -> 1.9305581 | AM75: =AVERAGEIFS('Regular Season'!T:T,'Regular Season'!R:R,'Summary Page'!AD75,'Regular Season'!S:S,'Summary Page'!AC75) -> 122.332 | AN75: =AM75-VLOOKUP(AD75,'Summary Page (2)'!$B$5:$K$14,9,FALSE) -> 1.5757255 | AO75: =COUNTIFS('Regular Season'!R:R,'Summary Page'!AD75,'Regular Season'!S:S,'Summary Page'!AC75) -> 10 | AP75: =AVERAGEIFS('Regular Season'!U:U,'Regular Season'!S:S,'Summary Page'!AD75,'Regular Season'!R:R,'Summary Page'!AC75) -> 94.23 | AQ75: =AP75-VLOOKUP(AD75,'Summary Page (2)'!$B$5:$K$14,10,FALSE) -> -2.4624324 | AR75: =COUNTIFS('Regular Season'!R:R,'Summary Page'!AC75,'Regular Season'!S:S,'Summary Page'!AD75) -> 10 | AS75: =IFERROR(((AO75*AM75)+(AP75*AR75))/SUM(AO75,AR75),"") -> 108.281 | AT75: =IFERROR(AS75-VLOOKUP(AD75,$B$5:$H$14,7,FALSE),"") -> -2.3575227 | AU75: =AL75-AT75 -> 4.2880809 | AW75: 85 | AX75: Walker/Cory | AY75: David/Marshall | AZ75: 115.66889 | BA75: -1.9176965 | BB75: 9 | BC75: 96.19 | BD75: 3.4664706 | BE75: 8 | BF75: 106.50235 | BG75: 0.18701961 | BH75: 119.3575 | BI75: 1.4942857 | BJ75: 8 | BK75: 94.473333 | BL75: 3.5775887 | BM75: 9 | BN75: 106.18353 | BO75: 5.2199294 | BP75: -5.0329098
AB76: 72 | AC76: Pat/Tucker | AD76: Walker/Cory | AE76: =AVERAGEIFS('Regular Season'!T:T,'Regular Season'!R:R,'Summary Page'!AC76,'Regular Season'!S:S,'Summary Page'!AD76) -> 118.75556 | AF76: =AE76-VLOOKUP(AC76,'Summary Page (2)'!$B$5:$K$14,9,FALSE) -> -1.6868254 | AG76: =COUNTIFS('Regular Season'!R:R,'Summary Page'!AC76,'Regular Season'!S:S,'Summary Page'!AD76) -> 9 | AH76: =AVERAGEIFS('Regular Season'!U:U,'Regular Season'!S:S,'Summary Page'!AC76,'Regular Season'!R:R,'Summary Page'!AD76) -> 96.152 | AI76: =AH76-VLOOKUP(AC76,'Summary Page (2)'!$B$5:$K$14,10,FALSE) -> 1.6463182 | AJ76: =COUNTIFS('Regular Season'!R:R,'Summary Page'!AD76,'Regular Season'!S:S,'Summary Page'!AC76) -> 10 | AK76: =IFERROR(((AG76*AE76)+(AH76*AJ76))/SUM(AG76,AJ76),"") -> 106.85895 | AL76: =IFERROR(AK76-VLOOKUP(AC76,$B$5:$H$14,7,FALSE),"") -> -0.31349449 | AM76: =AVERAGEIFS('Regular Season'!T:T,'Regular Season'!R:R,'Summary Page'!AD76,'Regular Season'!S:S,'Summary Page'!AC76) -> 122.596 | AN76: =AM76-VLOOKUP(AD76,'Summary Page (2)'!$B$5:$K$14,9,FALSE) -> 6.5181739 | AO76: =COUNTIFS('Regular Season'!R:R,'Summary Page'!AD76,'Regular Season'!S:S,'Summary Page'!AC76) -> 10 | AP76: =AVERAGEIFS('Regular Season'!U:U,'Regular Season'!S:S,'Summary Page'!AD76,'Regular Season'!R:R,'Summary Page'!AC76) -> 99.062222 | AQ76: =AP76-VLOOKUP(AD76,'Summary Page (2)'!$B$5:$K$14,10,FALSE) -> 4.2919783 | AR76: =COUNTIFS('Regular Season'!R:R,'Summary Page'!AC76,'Regular Season'!S:S,'Summary Page'!AD76) -> 9 | AS76: =IFERROR(((AO76*AM76)+(AP76*AR76))/SUM(AO76,AR76),"") -> 111.44842 | AT76: =IFERROR(AS76-VLOOKUP(AD76,$B$5:$H$14,7,FALSE),"") -> 5.4120992 | AU76: =AL76-AT76 -> -5.7255937 | AW76: 31 | AX76: David/Marshall | AY76: Drew/Cam | AZ76: 123.672 | BA76: 5.8087857 | BB76: 5 | BC76: 78.695 | BD76: -12.200745 | BE76: 12 | BF76: 91.923529 | BG76: -9.0400706 | BH76: 100.07 | BI76: -15.474658 | BJ76: 12 | BK76: 97.656 | BL76: 6.1271688 | BM76: 5 | BN76: 99.36 | BO76: -3.8565333 | BP76: -5.1835373
AB77: 73 | AC77: Trent/Colin | AD77: Brian/Travis | AE77: =AVERAGEIFS('Regular Season'!T:T,'Regular Season'!R:R,'Summary Page'!AC77,'Regular Season'!S:S,'Summary Page'!AD77) -> 119.33125 | AF77: =AE77-VLOOKUP(AC77,'Summary Page (2)'!$B$5:$K$14,9,FALSE) -> -1.4250245 | AG77: =COUNTIFS('Regular Season'!R:R,'Summary Page'!AC77,'Regular Season'!S:S,'Summary Page'!AD77) -> 16 | AH77: =AVERAGEIFS('Regular Season'!U:U,'Regular Season'!S:S,'Summary Page'!AC77,'Regular Season'!R:R,'Summary Page'!AD77) -> 92.011111 | AI77: =AH77-VLOOKUP(AC77,'Summary Page (2)'!$B$5:$K$14,10,FALSE) -> -4.6813213 | AJ77: =COUNTIFS('Regular Season'!R:R,'Summary Page'!AD77,'Regular Season'!S:S,'Summary Page'!AC77) -> 9 | AK77: =IFERROR(((AG77*AE77)+(AH77*AJ77))/SUM(AG77,AJ77),"") -> 109.496 | AL77: =IFERROR(AK77-VLOOKUP(AC77,$B$5:$H$14,7,FALSE),"") -> -1.1425227 | AM77: =AVERAGEIFS('Regular Season'!T:T,'Regular Season'!R:R,'Summary Page'!AD77,'Regular Season'!S:S,'Summary Page'!AC77) -> 117.52889 | AN77: =AM77-VLOOKUP(AD77,'Summary Page (2)'!$B$5:$K$14,9,FALSE) -> -0.40808786 | AO77: =COUNTIFS('Regular Season'!R:R,'Summary Page'!AD77,'Regular Season'!S:S,'Summary Page'!AC77) -> 9 | AP77: =AVERAGEIFS('Regular Season'!U:U,'Regular Season'!S:S,'Summary Page'!AD77,'Regular Season'!R:R,'Summary Page'!AC77) -> 98.6425 | AQ77: =AP77-VLOOKUP(AD77,'Summary Page (2)'!$B$5:$K$14,10,FALSE) -> 4.5493182 | AR77: =COUNTIFS('Regular Season'!R:R,'Summary Page'!AC77,'Regular Season'!S:S,'Summary Page'!AD77) -> 16 | AS77: =IFERROR(((AO77*AM77)+(AP77*AR77))/SUM(AO77,AR77),"") -> 105.4416 | AT77: =IFERROR(AS77-VLOOKUP(AD77,$B$5:$H$14,7,FALSE),"") -> -0.43644598 | AU77: =AL77-AT77 -> -0.70607675 | AW77: 50 | AX77: Eric/Blake | AY77: Drew/Cam | AZ77: 128.712 | BA77: 6.3175696 | BB77: 5 | BC77: 102.89429 | BD77: 5.8509054 | BE77: 7 | BF77: 113.65167 | BG77: 3.2567333 | BH77: 123.3 | BI77: 7.7553425 | BJ77: 7 | BK77: 95.492 | BL77: 3.9631688 | BM77: 5 | BN77: 111.71333 | BO77: 8.4968 | BP77: -5.2400667
AB78: 74 | AC78: Trent/Colin | AD78: Clay/Ryan | AE78: =AVERAGEIFS('Regular Season'!T:T,'Regular Season'!R:R,'Summary Page'!AC78,'Regular Season'!S:S,'Summary Page'!AD78) -> 118.22182 | AF78: =AE78-VLOOKUP(AC78,'Summary Page (2)'!$B$5:$K$14,9,FALSE) -> -2.5344563 | AG78: =COUNTIFS('Regular Season'!R:R,'Summary Page'!AC78,'Regular Season'!S:S,'Summary Page'!AD78) -> 11 | AH78: =AVERAGEIFS('Regular Season'!U:U,'Regular Season'!S:S,'Summary Page'!AC78,'Regular Season'!R:R,'Summary Page'!AD78) -> 99.644444 | AI78: =AH78-VLOOKUP(AC78,'Summary Page (2)'!$B$5:$K$14,10,FALSE) -> 2.952012 | AJ78: =COUNTIFS('Regular Season'!R:R,'Summary Page'!AD78,'Regular Season'!S:S,'Summary Page'!AC78) -> 9 | AK78: =IFERROR(((AG78*AE78)+(AH78*AJ78))/SUM(AG78,AJ78),"") -> 109.862 | AL78: =IFERROR(AK78-VLOOKUP(AC78,$B$5:$H$14,7,FALSE),"") -> -0.77652273 | AM78: =AVERAGEIFS('Regular Season'!T:T,'Regular Season'!R:R,'Summary Page'!AD78,'Regular Season'!S:S,'Summary Page'!AC78) -> 119.49111 | AN78: =AM78-VLOOKUP(AD78,'Summary Page (2)'!$B$5:$K$14,9,FALSE) -> 0.017562724 | AO78: =COUNTIFS('Regular Season'!R:R,'Summary Page'!AD78,'Regular Season'!S:S,'Summary Page'!AC78) -> 9 | AP78: =AVERAGEIFS('Regular Season'!U:U,'Regular Season'!S:S,'Summary Page'!AD78,'Regular Season'!R:R,'Summary Page'!AC78) -> 95.409091 | AQ78: =AP78-VLOOKUP(AD78,'Summary Page (2)'!$B$5:$K$14,10,FALSE) -> 2.3357576 | AR78: =COUNTIFS('Regular Season'!R:R,'Summary Page'!AC78,'Regular Season'!S:S,'Summary Page'!AD78) -> 11 | AS78: =IFERROR(((AO78*AM78)+(AP78*AR78))/SUM(AO78,AR78),"") -> 106.246 | AT78: =IFERROR(AS78-VLOOKUP(AD78,$B$5:$H$14,7,FALSE),"") -> -0.9377931 | AU78: =AL78-AT78 -> 0.16127038 | AW78: 72 | AX78: Pat/Tucker | AY78: Walker/Cory | AZ78: 118.015 | BA78: -2.5582432 | BB78: 8 | BC78: 95.8475 | BD78: 2.4496053 | BE78: 8 | BF78: 106.93125 | BG78: 0.12685 | BH78: 125.79 | BI78: 8.2034146 | BJ78: 8 | BK78: 97.88 | BL78: 5.1564706 | BM78: 8 | BN78: 111.835 | BO78: 5.5196667 | BP78: -5.3928167
AB79: 75 | AC79: Trent/Colin | AD79: Dave/Nolan | AE79: =AVERAGEIFS('Regular Season'!T:T,'Regular Season'!R:R,'Summary Page'!AC79,'Regular Season'!S:S,'Summary Page'!AD79) -> 115.9575 | AF79: =AE79-VLOOKUP(AC79,'Summary Page (2)'!$B$5:$K$14,9,FALSE) -> -4.7987745 | AG79: =COUNTIFS('Regular Season'!R:R,'Summary Page'!AC79,'Regular Season'!S:S,'Summary Page'!AD79) -> 8 | AH79: =AVERAGEIFS('Regular Season'!U:U,'Regular Season'!S:S,'Summary Page'!AC79,'Regular Season'!R:R,'Summary Page'!AD79) -> 86.71 | AI79: =AH79-VLOOKUP(AC79,'Summary Page (2)'!$B$5:$K$14,10,FALSE) -> -9.9824324 | AJ79: =COUNTIFS('Regular Season'!R:R,'Summary Page'!AD79,'Regular Season'!S:S,'Summary Page'!AC79) -> 4 | AK79: =IFERROR(((AG79*AE79)+(AH79*AJ79))/SUM(AG79,AJ79),"") -> 106.20833 | AL79: =IFERROR(AK79-VLOOKUP(AC79,$B$5:$H$14,7,FALSE),"") -> -4.4301894 | AM79: =AVERAGEIFS('Regular Season'!T:T,'Regular Season'!R:R,'Summary Page'!AD79,'Regular Season'!S:S,'Summary Page'!AC79) -> 117.58 | AN79: =AM79-VLOOKUP(AD79,'Summary Page (2)'!$B$5:$K$14,9,FALSE) -> -4.1197531 | AO79: =COUNTIFS('Regular Season'!R:R,'Summary Page'!AD79,'Regular Season'!S:S,'Summary Page'!AC79) -> 4 | AP79: =AVERAGEIFS('Regular Season'!U:U,'Regular Season'!S:S,'Summary Page'!AD79,'Regular Season'!R:R,'Summary Page'!AC79) -> 94.725 | AQ79: =AP79-VLOOKUP(AD79,'Summary Page (2)'!$B$5:$K$14,10,FALSE) -> -0.15108696 | AR79: =COUNTIFS('Regular Season'!R:R,'Summary Page'!AC79,'Regular Season'!S:S,'Summary Page'!AD79) -> 8 | AS79: =IFERROR(((AO79*AM79)+(AP79*AR79))/SUM(AO79,AR79),"") -> 102.34333 | AT79: =IFERROR(AS79-VLOOKUP(AD79,$B$5:$H$14,7,FALSE),"") -> -5.0918112 | AU79: =AL79-AT79 -> 0.66162178 | AW79: 45 | AX79: Drew/Cam | AY79: Walker/Cory | AZ79: 120.968 | BA79: 5.4233425 | BB79: 5 | BC79: 80.0025 | BD79: -11.526331 | BE79: 8 | BF79: 95.758462 | BG79: -7.4580718 | BH79: 112.4925 | BI79: -5.0940854 | BJ79: 8 | BK79: 91.316 | BL79: -1.4075294 | BM79: 5 | BN79: 104.34769 | BO79: -1.967641 | BP79: -5.4904308
AB80: 76 | AC80: Trent/Colin | AD80: David/Marshall | AE80: =AVERAGEIFS('Regular Season'!T:T,'Regular Season'!R:R,'Summary Page'!AC80,'Regular Season'!S:S,'Summary Page'!AD80) -> 122.38769 | AF80: =AE80-VLOOKUP(AC80,'Summary Page (2)'!$B$5:$K$14,9,FALSE) -> 1.6314178 | AG80: =COUNTIFS('Regular Season'!R:R,'Summary Page'!AC80,'Regular Season'!S:S,'Summary Page'!AD80) -> 13 | AH80: =AVERAGEIFS('Regular Season'!U:U,'Regular Season'!S:S,'Summary Page'!AC80,'Regular Season'!R:R,'Summary Page'!AD80) -> 91.3775 | AI80: =AH80-VLOOKUP(AC80,'Summary Page (2)'!$B$5:$K$14,10,FALSE) -> -5.3149324 | AJ80: =COUNTIFS('Regular Season'!R:R,'Summary Page'!AD80,'Regular Season'!S:S,'Summary Page'!AC80) -> 8 | AK80: =IFERROR(((AG80*AE80)+(AH80*AJ80))/SUM(AG80,AJ80),"") -> 110.57429 | AL80: =IFERROR(AK80-VLOOKUP(AC80,$B$5:$H$14,7,FALSE),"") -> -0.064237013 | AM80: =AVERAGEIFS('Regular Season'!T:T,'Regular Season'!R:R,'Summary Page'!AD80,'Regular Season'!S:S,'Summary Page'!AC80) -> 122.97 | AN80: =AM80-VLOOKUP(AD80,'Summary Page (2)'!$B$5:$K$14,9,FALSE) -> 3.7818841 | AO80: =COUNTIFS('Regular Season'!R:R,'Summary Page'!AD80,'Regular Season'!S:S,'Summary Page'!AC80) -> 8 | AP80: =AVERAGEIFS('Regular Season'!U:U,'Regular Season'!S:S,'Summary Page'!AD80,'Regular Season'!R:R,'Summary Page'!AC80) -> 93.163077 | AQ80: =AP80-VLOOKUP(AD80,'Summary Page (2)'!$B$5:$K$14,10,FALSE) -> 2.6166618 | AR80: =COUNTIFS('Regular Season'!R:R,'Summary Page'!AC80,'Regular Season'!S:S,'Summary Page'!AD80) -> 13 | AS80: =IFERROR(((AO80*AM80)+(AP80*AR80))/SUM(AO80,AR80),"") -> 104.5181 | AT80: =IFERROR(AS80-VLOOKUP(AD80,$B$5:$H$14,7,FALSE),"") -> 2.6786667 | AU80: =AL80-AT80 -> -2.7429037 | AW80: 25 | AX80: Dave/Nolan | AY80: Pat/Tucker | AZ80: 108.73333 | BA80: -13.749298 | BB80: 9 | BC80: 98.057143 | BD80: 1.739305 | BE80: 7 | BF80: 104.0625 | BG80: -5.5121667 | BH80: 134.33143 | BI80: 13.758185 | BJ80: 7 | BK80: 86.457778 | BL80: -6.940117 | BM80: 9 | BN80: 107.4025 | BO80: 0.5981 | BP80: -6.1102667
AB81: 77 | AC81: Trent/Colin | AD81: Drew/Cam | AE81: =AVERAGEIFS('Regular Season'!T:T,'Regular Season'!R:R,'Summary Page'!AC81,'Regular Season'!S:S,'Summary Page'!AD81) -> 119.61684 | AF81: =AE81-VLOOKUP(AC81,'Summary Page (2)'!$B$5:$K$14,9,FALSE) -> -1.1394324 | AG81: =COUNTIFS('Regular Season'!R:R,'Summary Page'!AC81,'Regular Season'!S:S,'Summary Page'!AD81) -> 19 | AH81: =AVERAGEIFS('Regular Season'!U:U,'Regular Season'!S:S,'Summary Page'!AC81,'Regular Season'!R:R,'Summary Page'!AD81) -> 94.056667 | AI81: =AH81-VLOOKUP(AC81,'Summary Page (2)'!$B$5:$K$14,10,FALSE) -> -2.6357658 | AJ81: =COUNTIFS('Regular Season'!R:R,'Summary Page'!AD81,'Regular Season'!S:S,'Summary Page'!AC81) -> 6 | AK81: =IFERROR(((AG81*AE81)+(AH81*AJ81))/SUM(AG81,AJ81),"") -> 113.4824 | AL81: =IFERROR(AK81-VLOOKUP(AC81,$B$5:$H$14,7,FALSE),"") -> 2.8438773 | AM81: =AVERAGEIFS('Regular Season'!T:T,'Regular Season'!R:R,'Summary Page'!AD81,'Regular Season'!S:S,'Summary Page'!AC81) -> 115.39333 | AN81: =AM81-VLOOKUP(AD81,'Summary Page (2)'!$B$5:$K$14,9,FALSE) -> -0.44691057 | AO81: =COUNTIFS('Regular Season'!R:R,'Summary Page'!AD81,'Regular Season'!S:S,'Summary Page'!AC81) -> 6 | AP81: =AVERAGEIFS('Regular Season'!U:U,'Regular Season'!S:S,'Summary Page'!AD81,'Regular Season'!R:R,'Summary Page'!AC81) -> 95.525263 | AQ81: =AP81-VLOOKUP(AD81,'Summary Page (2)'!$B$5:$K$14,10,FALSE) -> 2.6745023 | AR81: =COUNTIFS('Regular Season'!R:R,'Summary Page'!AC81,'Regular Season'!S:S,'Summary Page'!AD81) -> 19 | AS81: =IFERROR(((AO81*AM81)+(AP81*AR81))/SUM(AO81,AR81),"") -> 100.2936 | AT81: =IFERROR(AS81-VLOOKUP(AD81,$B$5:$H$14,7,FALSE),"") -> -3.3912851 | AU81: =AL81-AT81 -> 6.2351623 | AW81: 80 | AX81: Trent/Colin | AY81: Pat/Tucker | AZ81: 122.3625 | BA81: 1.2762079 | BB81: 8 | BC81: 94.23 | BD81: -0.55590164 | BE81: 10 | BF81: 106.73333 | BG81: -3.6574667 | BH81: 123.306 | BI81: 2.7327568 | BJ81: 10 | BK81: 92.61 | BL81: -0.78789474 | BM81: 8 | BN81: 109.66333 | BO81: 2.8589333 | BP81: -6.5164
